phase,priority_score,cluster,primary_keyword,search_volume,gap_status,recommended_page_type,recommended_url,angle,internal_links,notes
Phase 1,210.0,Core marketing reporting,marketing reporting software,210,Defend / improve CTR,Core category page,/solutions/marketing-reporting-software/,"Make this a money page: simple automated reporting software for agencies, proof, templates, integrations, comparisons.",Homepage | Integrations | Templates | Alternatives | Pricing | Related connector pages,
Phase 1,410.0,Agency/client reporting,client reporting software,110,New/refresh opportunity,Core category page,/solutions/client-reporting-software/,"Lead with agency pain: reporting chaos, client trust, white-label delivery, fast setup, scheduled reporting.",Homepage | Integrations | Templates | Alternatives | Pricing | Related connector pages,
Phase 1,370.0,Agency/client reporting,agency reporting software,70,Defend / improve CTR,Core category page,/solutions/agency-reporting-software/,"Lead with agency pain: reporting chaos, client trust, white-label delivery, fast setup, scheduled reporting.",Homepage | Integrations | Templates | Alternatives | Pricing | Related connector pages,
Phase 1,550.0,Agency/client reporting,marketing agency reporting software,50,Defend / improve CTR,Core category page,/solutions/marketing-agency-reporting-software/,"Lead with agency pain: reporting chaos, client trust, white-label delivery, fast setup, scheduled reporting.",Homepage | Integrations | Templates | Alternatives | Pricing | Related connector pages,
Phase 1,40.0,Core marketing reporting,digital marketing reporting software,40,Quick-win refresh,Core category page,/solutions/digital-marketing-reporting-software/,"Make this a money page: simple automated reporting software for agencies, proof, templates, integrations, comparisons.",Homepage | Integrations | Templates | Alternatives | Pricing | Related connector pages,
Phase 1,320.0,White-label reporting,white label reporting software,20,Long-tail support,Solution page,/solutions/white-label-reporting-software/,"Show brand control, custom domains, client portals/reports, agency credibility.",Homepage | Integrations | Templates | Alternatives | Pricing | Related connector pages,
Phase 1,330.0,White-label reporting,white label dashboard software,30,Quick-win refresh,Solution page,/solutions/white-label-dashboard-software/,"Show brand control, custom domains, client portals/reports, agency credibility.",Homepage | Integrations | Templates | Alternatives | Pricing | Related connector pages,
Phase 1,460.0,Dashboards / KPI reporting,marketing dashboard software,260,Defend / improve CTR,Solution/glossary page,/solutions/marketing-dashboard-software/,Build as SEO support page that links into the nearest money page.,Homepage | Integrations | Templates | Alternatives | Pricing | Related connector pages,
Phase 1,0.0,Dashboards / KPI reporting,agency dashboard software,0,Long-tail support,Solution/glossary page,/solutions/agency-dashboard-software/,Build as SEO support page that links into the nearest money page.,Homepage | Integrations | Templates | Alternatives | Pricing | Related connector pages,
Phase 1,590.0,Agency/client reporting,client dashboard software,90,High-priority gap,Solution/glossary page,/solutions/client-dashboard-software/,"Lead with agency pain: reporting chaos, client trust, white-label delivery, fast setup, scheduled reporting.",Homepage | Integrations | Templates | Alternatives | Pricing | Related connector pages,
Phase 1,590.0,Core marketing reporting,automated marketing reports,90,High-priority gap,Core category page,/solutions/automated-marketing-reports/,"Make this a money page: simple automated reporting software for agencies, proof, templates, integrations, comparisons.",Homepage | Integrations | Templates | Alternatives | Pricing | Related connector pages,
Phase 1,940.0,Agency/client reporting,automated client reporting,140,High-priority gap,Core category page,/solutions/automated-client-reporting/,"Lead with agency pain: reporting chaos, client trust, white-label delivery, fast setup, scheduled reporting.",Homepage | Integrations | Templates | Alternatives | Pricing | Related connector pages,
Phase 1,1600.0,SEO reporting,seo reporting for clients,1300,New/refresh opportunity,Core category page,/solutions/seo-reporting-for-clients/,"Cover GSC/rank/keyword/PageSpeed/local SEO, template preview, automated delivery.",Homepage | Integrations | Templates | Alternatives | Pricing | Related connector pages,
Phase 1,1090.0,SEO reporting,seo reporting software,590,High-priority gap,Solution + template cluster,/solutions/seo-reporting-software/,"Cover GSC/rank/keyword/PageSpeed/local SEO, template preview, automated delivery.",Homepage | Integrations | Templates | Alternatives | Pricing | Related connector pages,
Phase 1,720.0,SEO reporting,seo reporting tool,720,New/refresh opportunity,Solution + template cluster,/solutions/seo-reporting-tool/,"Cover GSC/rank/keyword/PageSpeed/local SEO, template preview, automated delivery.",Homepage | Integrations | Templates | Alternatives | Pricing | Related connector pages,
Phase 1,1500.0,SEO reporting,seo report template,1000,High-priority gap,Template page,/templates/seo-report-template/,"Cover GSC/rank/keyword/PageSpeed/local SEO, template preview, automated delivery.",Homepage | Integrations | Templates | Alternatives | Pricing | Related connector pages,
Phase 1,0.0,SEO reporting,google search console reporting tool,0,Long-tail support,Solution + template cluster,/solutions/google-search-console-reporting-tool/,"Cover GSC/rank/keyword/PageSpeed/local SEO, template preview, automated delivery.",Homepage | Integrations | Templates | Alternatives | Pricing | Related connector pages,
Phase 1,170.0,SEO reporting,google search console dashboard,170,New/refresh opportunity,Solution + template cluster,/solutions/google-search-console-dashboard/,"Cover GSC/rank/keyword/PageSpeed/local SEO, template preview, automated delivery.",Homepage | Integrations | Templates | Alternatives | Pricing | Related connector pages,
Phase 1,0.0,SEO reporting,keyword ranking report,0,Strategic new build,Solution + template cluster,/solutions/keyword-ranking-report/,"Cover GSC/rank/keyword/PageSpeed/local SEO, template preview, automated delivery.",Homepage | Integrations | Templates | Alternatives | Pricing | Related connector pages,
Phase 1,530.0,SEO reporting,local seo report template,30,High-priority gap,Template page,/templates/local-seo-report-template/,"Cover GSC/rank/keyword/PageSpeed/local SEO, template preview, automated delivery.",Homepage | Integrations | Templates | Alternatives | Pricing | Related connector pages,
Phase 1,960.0,Paid ads reporting,ppc reporting tool,260,High-priority gap,Solution + connector cluster,/solutions/ppc-reporting-tool/,"Cover spend, ROAS, CPA, campaign performance, cross-channel paid media reporting.",Homepage | Integrations | Templates | Alternatives | Pricing | Related connector pages,
Phase 1,640.0,Paid ads reporting,ppc reporting software,140,High-priority gap,Solution + connector cluster,/solutions/ppc-reporting-software/,"Cover spend, ROAS, CPA, campaign performance, cross-channel paid media reporting.",Homepage | Integrations | Templates | Alternatives | Pricing | Related connector pages,
Phase 1,320.0,Paid ads reporting,ppc report template,320,Quick-win refresh,Template page,/templates/ppc-report-template/,"Cover spend, ROAS, CPA, campaign performance, cross-channel paid media reporting.",Homepage | Integrations | Templates | Alternatives | Pricing | Related connector pages,
Phase 1,710.0,Paid ads reporting,google ads reporting tool,210,High-priority gap,Solution + connector cluster,/solutions/google-ads-reporting-tool/,"Cover spend, ROAS, CPA, campaign performance, cross-channel paid media reporting.",Homepage | Integrations | Templates | Alternatives | Pricing | Related connector pages,
Phase 1,170.0,Paid ads reporting,google ads report template,170,Quick-win refresh,Template page,/templates/google-ads-report-template/,"Cover spend, ROAS, CPA, campaign performance, cross-channel paid media reporting.",Homepage | Integrations | Templates | Alternatives | Pricing | Related connector pages,
Phase 1,910.0,Paid ads reporting,facebook ads reporting tool,210,High-priority gap,Solution + connector cluster,/solutions/facebook-ads-reporting-tool/,"Cover spend, ROAS, CPA, campaign performance, cross-channel paid media reporting.",Homepage | Integrations | Templates | Alternatives | Pricing | Related connector pages,
Phase 1,670.0,Paid ads reporting,facebook ads report template,170,High-priority gap,Template page,/templates/facebook-ads-report-template/,"Cover spend, ROAS, CPA, campaign performance, cross-channel paid media reporting.",Homepage | Integrations | Templates | Alternatives | Pricing | Related connector pages,
Phase 1,590.0,Paid ads reporting,meta ads reporting,90,High-priority gap,Solution + connector cluster,/solutions/meta-ads-reporting/,"Cover spend, ROAS, CPA, campaign performance, cross-channel paid media reporting.",Homepage | Integrations | Templates | Alternatives | Pricing | Related connector pages,
Phase 1,0.0,Paid ads reporting,paid media reporting dashboard,0,Strategic new build,Solution + connector cluster,/solutions/paid-media-reporting-dashboard/,"Cover spend, ROAS, CPA, campaign performance, cross-channel paid media reporting.",Homepage | Integrations | Templates | Alternatives | Pricing | Related connector pages,
Phase 1,790.0,Social reporting,social media reporting tool,590,New/refresh opportunity,Solution + template cluster,/solutions/social-media-reporting-tool/,Cover engagement/reach/follower/content KPIs and monthly client social reporting.,Homepage | Integrations | Templates | Alternatives | Pricing | Related connector pages,
Phase 1,370.0,Social reporting,social media reporting software,170,New/refresh opportunity,Solution + template cluster,/solutions/social-media-reporting-software/,Cover engagement/reach/follower/content KPIs and monthly client social reporting.,Homepage | Integrations | Templates | Alternatives | Pricing | Related connector pages,
Phase 1,720.0,Social reporting,social media reporting template,720,New/refresh opportunity,Template page,/templates/social-media-reporting-template/,Cover engagement/reach/follower/content KPIs and monthly client social reporting.,Homepage | Integrations | Templates | Alternatives | Pricing | Related connector pages,
Phase 1,670.0,Social reporting,instagram analytics report,170,High-priority gap,Solution + template cluster,/solutions/instagram-analytics-report/,Cover engagement/reach/follower/content KPIs and monthly client social reporting.,Homepage | Integrations | Templates | Alternatives | Pricing | Related connector pages,
Phase 1,590.0,Social reporting,linkedin ads reporting,90,High-priority gap,Solution + connector cluster,/solutions/linkedin-ads-reporting/,Cover engagement/reach/follower/content KPIs and monthly client social reporting.,Homepage | Integrations | Templates | Alternatives | Pricing | Related connector pages,
Phase 1,0.0,Social reporting,tiktok ads reporting,0,Strategic new build,Solution + template cluster,/solutions/tiktok-ads-reporting/,Cover engagement/reach/follower/content KPIs and monthly client social reporting.,Homepage | Integrations | Templates | Alternatives | Pricing | Related connector pages,
Phase 1,770.0,Social reporting,youtube analytics report,70,High-priority gap,Solution + template cluster,/solutions/youtube-analytics-report/,Cover engagement/reach/follower/content KPIs and monthly client social reporting.,Homepage | Integrations | Templates | Alternatives | Pricing | Related connector pages,
Phase 1,260.0,Templates,marketing report template,260,Quick-win refresh,Template page,/templates/marketing-report-template/,"Free template asset plus automated Oviond version; include KPI checklist, screenshots, FAQ, related connectors.",Homepage | Integrations | Templates | Alternatives | Pricing | Related connector pages,
Phase 1,610.0,Templates,client report template,110,High-priority gap,Template page,/templates/client-report-template/,"Free template asset plus automated Oviond version; include KPI checklist, screenshots, FAQ, related connectors.",Homepage | Integrations | Templates | Alternatives | Pricing | Related connector pages,
Phase 1,590.0,Templates,monthly marketing report template,90,High-priority gap,Template page,/templates/monthly-marketing-report-template/,"Free template asset plus automated Oviond version; include KPI checklist, screenshots, FAQ, related connectors.",Homepage | Integrations | Templates | Alternatives | Pricing | Related connector pages,
Phase 1,590.0,Templates,digital marketing report template,90,High-priority gap,Template page,/templates/digital-marketing-report-template/,"Free template asset plus automated Oviond version; include KPI checklist, screenshots, FAQ, related connectors.",Homepage | Integrations | Templates | Alternatives | Pricing | Related connector pages,
Phase 2,10.0,Templates,agency report template,10,Long-tail support,Template page,/templates/agency-report-template/,"Free template asset plus automated Oviond version; include KPI checklist, screenshots, FAQ, related connectors.",Homepage | Integrations | Templates | Alternatives | Pricing | Related connector pages,
Phase 2,0.0,Templates,white label report template,0,Long-tail support,Template page,/templates/white-label-report-template/,"Free template asset plus automated Oviond version; include KPI checklist, screenshots, FAQ, related connectors.",Homepage | Integrations | Templates | Alternatives | Pricing | Related connector pages,
Phase 2,540.0,Templates,dashboard report template,40,High-priority gap,Template page,/templates/dashboard-report-template/,"Free template asset plus automated Oviond version; include KPI checklist, screenshots, FAQ, related connectors.",Homepage | Integrations | Templates | Alternatives | Pricing | Related connector pages,
Phase 2,890.0,Competitor alternatives / comparison,agencyanalytics alternative,590,New/refresh opportunity,Comparison page,/alternatives/agencyanalytics-alternative/,"Conversion page with comparison table, who each tool fits, agency workflow angle, migration CTA, honest limitations.",Homepage | Integrations | Templates | Alternatives | Pricing | Related connector pages,
Phase 2,1210.0,Competitor alternatives / comparison,alternative to agencyanalytics,210,High-priority gap,Comparison page,/alternatives/alternative-to-agencyanalytics/,"Conversion page with comparison table, who each tool fits, agency workflow angle, migration CTA, honest limitations.",Homepage | Integrations | Templates | Alternatives | Pricing | Related connector pages,
Phase 2,840.0,Competitor alternatives / comparison,dashthis alternative,40,High-priority gap,Comparison page,/alternatives/dashthis-alternative/,"Conversion page with comparison table, who each tool fits, agency workflow angle, migration CTA, honest limitations.",Homepage | Integrations | Templates | Alternatives | Pricing | Related connector pages,
Phase 2,1050.0,Competitor alternatives / comparison,whatagraph alternative,50,High-priority gap,Comparison page,/alternatives/whatagraph-alternative/,"Conversion page with comparison table, who each tool fits, agency workflow angle, migration CTA, honest limitations.",Homepage | Integrations | Templates | Alternatives | Pricing | Related connector pages,
Phase 2,320.0,Competitor alternatives / comparison,swydo alternative,20,Long-tail support,Comparison page,/alternatives/swydo-alternative/,"Conversion page with comparison table, who each tool fits, agency workflow angle, migration CTA, honest limitations.",Homepage | Integrations | Templates | Alternatives | Pricing | Related connector pages,
Phase 2,470.0,Competitor alternatives / comparison,looker studio alternative,170,New/refresh opportunity,Comparison page,/alternatives/looker-studio-alternative/,"Conversion page with comparison table, who each tool fits, agency workflow angle, migration CTA, honest limitations.",Homepage | Integrations | Templates | Alternatives | Pricing | Related connector pages,
Phase 2,870.0,Competitor alternatives / comparison,google data studio alternative,70,High-priority gap,Comparison page,/alternatives/google-data-studio-alternative/,"Conversion page with comparison table, who each tool fits, agency workflow angle, migration CTA, honest limitations.",Homepage | Integrations | Templates | Alternatives | Pricing | Related connector pages,
Phase 2,710.0,Competitor alternatives / comparison,supermetrics alternative,210,New/refresh opportunity,Comparison page,/alternatives/supermetrics-alternative/,"Conversion page with comparison table, who each tool fits, agency workflow angle, migration CTA, honest limitations.",Homepage | Integrations | Templates | Alternatives | Pricing | Related connector pages,
Phase 2,300.0,Competitor alternatives / comparison,two minute reports alternative,0,Long-tail support,Comparison page,/alternatives/two-minute-reports-alternative/,"Conversion page with comparison table, who each tool fits, agency workflow angle, migration CTA, honest limitations.",Homepage | Integrations | Templates | Alternatives | Pricing | Related connector pages,
Phase 2,300.0,Competitor alternatives / comparison,2 minute reports alternative,0,Long-tail support,Comparison page,/alternatives/2-minute-reports-alternative/,"Conversion page with comparison table, who each tool fits, agency workflow angle, migration CTA, honest limitations.",Homepage | Integrations | Templates | Alternatives | Pricing | Related connector pages,
Phase 2,390.0,Competitor alternatives / comparison,databox alternative,90,Long-tail support,Comparison page,/alternatives/databox-alternative/,"Conversion page with comparison table, who each tool fits, agency workflow angle, migration CTA, honest limitations.",Homepage | Integrations | Templates | Alternatives | Pricing | Related connector pages,
Phase 2,310.0,Competitor alternatives / comparison,tapclicks alternative,10,Long-tail support,Comparison page,/alternatives/tapclicks-alternative/,"Conversion page with comparison table, who each tool fits, agency workflow angle, migration CTA, honest limitations.",Homepage | Integrations | Templates | Alternatives | Pricing | Related connector pages,
Phase 2,310.0,Competitor alternatives / comparison,reportgarden alternative,10,Long-tail support,Comparison page,/alternatives/reportgarden-alternative/,"Conversion page with comparison table, who each tool fits, agency workflow angle, migration CTA, honest limitations.",Homepage | Integrations | Templates | Alternatives | Pricing | Related connector pages,
Phase 2,300.0,Competitor alternatives / comparison,reporting ninja alternative,0,Long-tail support,Comparison page,/alternatives/reporting-ninja-alternative/,"Conversion page with comparison table, who each tool fits, agency workflow angle, migration CTA, honest limitations.",Homepage | Integrations | Templates | Alternatives | Pricing | Related connector pages,
Phase 2,310.0,Competitor alternatives / comparison,coupler.io alternative,10,Long-tail support,Comparison page,/alternatives/coupler-io-alternative/,"Conversion page with comparison table, who each tool fits, agency workflow angle, migration CTA, honest limitations.",Homepage | Integrations | Templates | Alternatives | Pricing | Related connector pages,
Phase 2,500.0,Competitor alternatives / comparison,porter metrics alternative,0,Strategic new build,Comparison page,/alternatives/porter-metrics-alternative/,"Conversion page with comparison table, who each tool fits, agency workflow angle, migration CTA, honest limitations.",Homepage | Integrations | Templates | Alternatives | Pricing | Related connector pages,
Phase 2,310.0,Competitor alternatives / comparison,power my analytics alternative,10,Long-tail support,Comparison page,/alternatives/power-my-analytics-alternative/,"Conversion page with comparison table, who each tool fits, agency workflow angle, migration CTA, honest limitations.",Homepage | Integrations | Templates | Alternatives | Pricing | Related connector pages,
Phase 2,10.0,Destination workflows: Sheets / Looker Studio,google ads to google sheets,10,Long-tail support,Workflow/destination page,/solutions/google-ads-to-google-sheets/,"Capture workflow pain; position Oviond as easier, branded, less fragile agency reporting.",Homepage | Integrations | Templates | Alternatives | Pricing | Related connector pages,
Phase 2,20.0,Destination workflows: Sheets / Looker Studio,facebook ads to google sheets,20,Long-tail support,Workflow/destination page,/solutions/facebook-ads-to-google-sheets/,"Capture workflow pain; position Oviond as easier, branded, less fragile agency reporting.",Homepage | Integrations | Templates | Alternatives | Pricing | Related connector pages,
Phase 2,10.0,Destination workflows: Sheets / Looker Studio,ga4 to google sheets,10,Strategic new build,Workflow/destination page,/solutions/ga4-to-google-sheets/,"Capture workflow pain; position Oviond as easier, branded, less fragile agency reporting.",Homepage | Integrations | Templates | Alternatives | Pricing | Related connector pages,
Phase 2,0.0,Destination workflows: Sheets / Looker Studio,google analytics to google sheets,0,Strategic new build,Workflow/destination page,/solutions/google-analytics-to-google-sheets/,"Capture workflow pain; position Oviond as easier, branded, less fragile agency reporting.",Homepage | Integrations | Templates | Alternatives | Pricing | Related connector pages,
Phase 2,10.0,Destination workflows: Sheets / Looker Studio,google search console to google sheets,10,Strategic new build,Workflow/destination page,/solutions/google-search-console-to-google-sheets/,"Capture workflow pain; position Oviond as easier, branded, less fragile agency reporting.",Homepage | Integrations | Templates | Alternatives | Pricing | Related connector pages,
Phase 2,10.0,Destination workflows: Sheets / Looker Studio,google ads to looker studio,10,Long-tail support,Workflow/destination page,/solutions/google-ads-to-looker-studio/,"Capture workflow pain; position Oviond as easier, branded, less fragile agency reporting.",Homepage | Integrations | Templates | Alternatives | Pricing | Related connector pages,
Phase 2,10.0,Destination workflows: Sheets / Looker Studio,facebook ads to looker studio,10,Long-tail support,Workflow/destination page,/solutions/facebook-ads-to-looker-studio/,"Capture workflow pain; position Oviond as easier, branded, less fragile agency reporting.",Homepage | Integrations | Templates | Alternatives | Pricing | Related connector pages,
Phase 2,10.0,Destination workflows: Sheets / Looker Studio,ga4 to looker studio,10,Long-tail support,Workflow/destination page,/solutions/ga4-to-looker-studio/,"Capture workflow pain; position Oviond as easier, branded, less fragile agency reporting.",Homepage | Integrations | Templates | Alternatives | Pricing | Related connector pages,
Phase 2,0.0,Connector / source reporting,ga4 reporting tool,0,Long-tail support,Connector page,/data-sources/ga4-reporting-tool/,"Show source metrics, automated pulls, templates, report examples, and cross-channel reporting use cases.",Homepage | Integrations | Templates | Alternatives | Pricing | Related connector pages,
Phase 2,570.0,Connector / source reporting,google analytics reporting tool,70,High-priority gap,Connector page,/data-sources/google-analytics-reporting-tool/,"Show source metrics, automated pulls, templates, report examples, and cross-channel reporting use cases.",Homepage | Integrations | Templates | Alternatives | Pricing | Related connector pages,
Phase 2,20.0,Connector / source reporting,shopify reporting tool,20,Long-tail support,Connector page,/data-sources/shopify-reporting-tool/,"Show source metrics, automated pulls, templates, report examples, and cross-channel reporting use cases.",Homepage | Integrations | Templates | Alternatives | Pricing | Related connector pages,
Phase 2,0.0,Connector / source reporting,google business profile reporting tool,0,Long-tail support,Core category page,/solutions/google-business-profile-reporting-tool/,"Show source metrics, automated pulls, templates, report examples, and cross-channel reporting use cases.",Homepage | Integrations | Templates | Alternatives | Pricing | Related connector pages,
Phase 2,10.0,Connector / source reporting,linkedin ads reporting tool,10,Long-tail support,Solution + connector cluster,/solutions/linkedin-ads-reporting-tool/,"Show source metrics, automated pulls, templates, report examples, and cross-channel reporting use cases.",Homepage | Integrations | Templates | Alternatives | Pricing | Related connector pages,
Phase 2,0.0,Connector / source reporting,tiktok ads reporting tool,0,Long-tail support,Solution + connector cluster,/solutions/tiktok-ads-reporting-tool/,"Show source metrics, automated pulls, templates, report examples, and cross-channel reporting use cases.",Homepage | Integrations | Templates | Alternatives | Pricing | Related connector pages,
Phase 2,0.0,Connector / source reporting,youtube analytics reporting tool,0,Long-tail support,Solution + template cluster,/solutions/youtube-analytics-reporting-tool/,"Show source metrics, automated pulls, templates, report examples, and cross-channel reporting use cases.",Homepage | Integrations | Templates | Alternatives | Pricing | Related connector pages,
Phase 2,590.0,Connector / source reporting,hubspot reporting dashboard,90,High-priority gap,Solution/glossary page,/solutions/hubspot-reporting-dashboard/,"Show source metrics, automated pulls, templates, report examples, and cross-channel reporting use cases.",Homepage | Integrations | Templates | Alternatives | Pricing | Related connector pages,
Phase 2,320.0,AI-assisted reporting,ai marketing reporting,20,Long-tail support,AI solution page,/solutions/ai-marketing-reporting/,"Show AI insights grounded in connector truth, not generic chatbot summaries; tie to scheduled reports and agency review flow.",Homepage | Integrations | Templates | Alternatives | Pricing | Related connector pages,
Phase 2,300.0,AI-assisted reporting,ai client reporting,0,Long-tail support,Core category page,/solutions/ai-client-reporting/,"Show AI insights grounded in connector truth, not generic chatbot summaries; tie to scheduled reports and agency review flow.",Homepage | Integrations | Templates | Alternatives | Pricing | Related connector pages,
Phase 2,890.0,AI-assisted reporting,ai report generator,590,New/refresh opportunity,AI solution page,/solutions/ai-report-generator/,"Show AI insights grounded in connector truth, not generic chatbot summaries; tie to scheduled reports and agency review flow.",Homepage | Integrations | Templates | Alternatives | Pricing | Related connector pages,
Phase 2,300.0,AI-assisted reporting,ai marketing report generator,0,Long-tail support,AI solution page,/solutions/ai-marketing-report-generator/,"Show AI insights grounded in connector truth, not generic chatbot summaries; tie to scheduled reports and agency review flow.",Homepage | Integrations | Templates | Alternatives | Pricing | Related connector pages,
Phase 2,320.0,AI-assisted reporting,ai reporting software,20,Long-tail support,AI solution page,/solutions/ai-reporting-software/,"Show AI insights grounded in connector truth, not generic chatbot summaries; tie to scheduled reports and agency review flow.",Homepage | Integrations | Templates | Alternatives | Pricing | Related connector pages,
Phase 2,300.0,AI-assisted reporting,chatgpt marketing reporting,0,Long-tail support,AI solution page,/solutions/chatgpt-marketing-reporting/,"Show AI insights grounded in connector truth, not generic chatbot summaries; tie to scheduled reports and agency review flow.",Homepage | Integrations | Templates | Alternatives | Pricing | Related connector pages,
Phase 2,300.0,AI-assisted reporting,claude marketing reporting,0,Long-tail support,AI solution page,/solutions/claude-marketing-reporting/,"Show AI insights grounded in connector truth, not generic chatbot summaries; tie to scheduled reports and agency review flow.",Homepage | Integrations | Templates | Alternatives | Pricing | Related connector pages,
Phase 2,300.0,AI-assisted reporting,mcp marketing reporting,0,Long-tail support,AI solution page,/solutions/mcp-marketing-reporting/,"Show AI insights grounded in connector truth, not generic chatbot summaries; tie to scheduled reports and agency review flow.",Homepage | Integrations | Templates | Alternatives | Pricing | Related connector pages,
Phase 2,300.0,AI-assisted reporting,connect marketing data to chatgpt,0,Long-tail support,AI solution page,/solutions/connect-marketing-data-to-chatgpt/,"Show AI insights grounded in connector truth, not generic chatbot summaries; tie to scheduled reports and agency review flow.",Homepage | Integrations | Templates | Alternatives | Pricing | Related connector pages,
Phase 3,300.0,AI-assisted reporting,connect marketing data to claude,0,Long-tail support,AI solution page,/solutions/connect-marketing-data-to-claude/,"Show AI insights grounded in connector truth, not generic chatbot summaries; tie to scheduled reports and agency review flow.",Homepage | Integrations | Templates | Alternatives | Pricing | Related connector pages,
Phase 2,12600.0,Connector / source reporting,google analytics website hits,12100,High-priority gap,Connector page,/data-sources/google-analytics-website-hits/,"Show source metrics, automated pulls, templates, report examples, and cross-channel reporting use cases.",Homepage | Integrations | Templates | Alternatives | Pricing | Related connector pages,
Phase 2,6100.0,Social reporting,social media monitor tool,5400,High-priority gap,Solution + template cluster,/solutions/social-media-monitor-tool/,Cover engagement/reach/follower/content KPIs and monthly client social reporting.,Homepage | Integrations | Templates | Alternatives | Pricing | Related connector pages,
Phase 2,5900.0,Social reporting,analytics of instagram,5400,High-priority gap,Solution + template cluster,/solutions/analytics-of-instagram/,Cover engagement/reach/follower/content KPIs and monthly client social reporting.,Homepage | Integrations | Templates | Alternatives | Pricing | Related connector pages,
Phase 2,4900.0,Connector / source reporting,google analytics seo,4400,High-priority gap,Connector page,/data-sources/google-analytics-seo/,"Show source metrics, automated pulls, templates, report examples, and cross-channel reporting use cases.",Homepage | Integrations | Templates | Alternatives | Pricing | Related connector pages,
Phase 2,3600.0,Dashboards / KPI reporting,kpi and metrics,3600,New/refresh opportunity,Solution/glossary page,/solutions/kpi-and-metrics/,Build as SEO support page that links into the nearest money page.,Homepage | Integrations | Templates | Alternatives | Pricing | Related connector pages,
Phase 2,3600.0,Dashboards / KPI reporting,metrics and key performance indicators,3600,New/refresh opportunity,Solution/glossary page,/solutions/metrics-and-key-performance-indicators/,Build as SEO support page that links into the nearest money page.,Homepage | Integrations | Templates | Alternatives | Pricing | Related connector pages,
Phase 2,3400.0,Dashboards / KPI reporting,power bi dashboard examples,2900,High-priority gap,Solution/glossary page,/solutions/power-bi-dashboard-examples/,Build as SEO support page that links into the nearest money page.,Homepage | Integrations | Templates | Alternatives | Pricing | Related connector pages,
Phase 2,3200.0,Agency/client reporting,seo software for agencies,2400,High-priority gap,Core category page,/solutions/seo-software-for-agencies/,"Lead with agency pain: reporting chaos, client trust, white-label delivery, fast setup, scheduled reporting.",Homepage | Integrations | Templates | Alternatives | Pricing | Related connector pages,
Phase 2,2900.0,Dashboards / KPI reporting,company dashboard example,2400,High-priority gap,Solution/glossary page,/solutions/company-dashboard-example/,Build as SEO support page that links into the nearest money page.,Homepage | Integrations | Templates | Alternatives | Pricing | Related connector pages,
Phase 3,2400.0,Paid ads reporting,google ads manager account,1900,High-priority gap,Solution + connector cluster,/solutions/google-ads-manager-account/,"Cover spend, ROAS, CPA, campaign performance, cross-channel paid media reporting.",Homepage | Integrations | Templates | Alternatives | Pricing | Related connector pages,
Phase 3,2400.0,SEO reporting,example of seo report,1900,High-priority gap,Solution + template cluster,/solutions/example-of-seo-report/,"Cover GSC/rank/keyword/PageSpeed/local SEO, template preview, automated delivery.",Homepage | Integrations | Templates | Alternatives | Pricing | Related connector pages,
Phase 3,2400.0,SEO reporting,sample seo report,1900,High-priority gap,Solution + template cluster,/solutions/sample-seo-report/,"Cover GSC/rank/keyword/PageSpeed/local SEO, template preview, automated delivery.",Homepage | Integrations | Templates | Alternatives | Pricing | Related connector pages,
Phase 3,2400.0,SEO reporting,sample seo reports,1900,High-priority gap,Solution + template cluster,/solutions/sample-seo-reports/,"Cover GSC/rank/keyword/PageSpeed/local SEO, template preview, automated delivery.",Homepage | Integrations | Templates | Alternatives | Pricing | Related connector pages,
Phase 3,2400.0,SEO reporting,seo report example,1900,High-priority gap,Solution + template cluster,/solutions/seo-report-example/,"Cover GSC/rank/keyword/PageSpeed/local SEO, template preview, automated delivery.",Homepage | Integrations | Templates | Alternatives | Pricing | Related connector pages,
Phase 3,2400.0,SEO reporting,seo report examples,1900,High-priority gap,Solution + template cluster,/solutions/seo-report-examples/,"Cover GSC/rank/keyword/PageSpeed/local SEO, template preview, automated delivery.",Homepage | Integrations | Templates | Alternatives | Pricing | Related connector pages,
Phase 3,2400.0,Destination workflows: Sheets / Looker Studio,looker studio google,1900,High-priority gap,Workflow/destination page,/solutions/looker-studio-google/,"Capture workflow pain; position Oviond as easier, branded, less fragile agency reporting.",Homepage | Integrations | Templates | Alternatives | Pricing | Related connector pages,
Phase 3,2400.0,Dashboards / KPI reporting,store performance dashboard,1900,High-priority gap,Solution/glossary page,/solutions/store-performance-dashboard/,Build as SEO support page that links into the nearest money page.,Homepage | Integrations | Templates | Alternatives | Pricing | Related connector pages,
Phase 3,2100.0,SEO reporting,agency rank tracking,1600,High-priority gap,Solution + template cluster,/solutions/agency-rank-tracking/,"Cover GSC/rank/keyword/PageSpeed/local SEO, template preview, automated delivery.",Homepage | Integrations | Templates | Alternatives | Pricing | Related connector pages,
Phase 3,2100.0,Social reporting,what are social media handles,1600,High-priority gap,Solution + template cluster,/solutions/what-are-social-media-handles/,Cover engagement/reach/follower/content KPIs and monthly client social reporting.,Homepage | Integrations | Templates | Alternatives | Pricing | Related connector pages,
Phase 3,2100.0,Social reporting,what is a handle on social media,1600,High-priority gap,Solution + template cluster,/solutions/what-is-a-handle-on-social-media/,Cover engagement/reach/follower/content KPIs and monthly client social reporting.,Homepage | Integrations | Templates | Alternatives | Pricing | Related connector pages,
Phase 3,2100.0,Social reporting,what is a handle social media,1600,High-priority gap,Solution + template cluster,/solutions/what-is-a-handle-social-media/,Cover engagement/reach/follower/content KPIs and monthly client social reporting.,Homepage | Integrations | Templates | Alternatives | Pricing | Related connector pages,
Phase 3,2100.0,Social reporting,what is a social media handle,1600,High-priority gap,Solution + template cluster,/solutions/what-is-a-social-media-handle/,Cover engagement/reach/follower/content KPIs and monthly client social reporting.,Homepage | Integrations | Templates | Alternatives | Pricing | Related connector pages,
Phase 3,2100.0,Dashboards / KPI reporting,looker dashboard,1600,High-priority gap,Solution/glossary page,/solutions/looker-dashboard/,Build as SEO support page that links into the nearest money page.,Homepage | Integrations | Templates | Alternatives | Pricing | Related connector pages,
Phase 3,2100.0,Templates,business dashboard template excel,1600,High-priority gap,Template page,/templates/business-dashboard-template-excel/,"Free template asset plus automated Oviond version; include KPI checklist, screenshots, FAQ, related connectors.",Homepage | Integrations | Templates | Alternatives | Pricing | Related connector pages,
Phase 3,2100.0,Dashboards / KPI reporting,sample tableau dashboards,1600,High-priority gap,Solution/glossary page,/solutions/sample-tableau-dashboards/,Build as SEO support page that links into the nearest money page.,Homepage | Integrations | Templates | Alternatives | Pricing | Related connector pages,
Phase 3,2100.0,Dashboards / KPI reporting,tableau dashboard examples,1600,High-priority gap,Solution/glossary page,/solutions/tableau-dashboard-examples/,Build as SEO support page that links into the nearest money page.,Homepage | Integrations | Templates | Alternatives | Pricing | Related connector pages,
Phase 3,2100.0,Dashboards / KPI reporting,tableau examples dashboard,1600,High-priority gap,Solution/glossary page,/solutions/tableau-examples-dashboard/,Build as SEO support page that links into the nearest money page.,Homepage | Integrations | Templates | Alternatives | Pricing | Related connector pages,
Phase 3,2100.0,Connector / source reporting,google analytics logo,1600,High-priority gap,Connector page,/data-sources/google-analytics-logo/,"Show source metrics, automated pulls, templates, report examples, and cross-channel reporting use cases.",Homepage | Integrations | Templates | Alternatives | Pricing | Related connector pages,
Phase 3,2100.0,Agency/client reporting,seo client reporting,1300,High-priority gap,Core category page,/solutions/seo-client-reporting/,"Lead with agency pain: reporting chaos, client trust, white-label delivery, fast setup, scheduled reporting.",Homepage | Integrations | Templates | Alternatives | Pricing | Related connector pages,
Phase 3,2100.0,White-label reporting,white label seo software,1300,High-priority gap,Solution page,/solutions/white-label-seo-software/,"Show brand control, custom domains, client portals/reports, agency credibility.",Homepage | Integrations | Templates | Alternatives | Pricing | Related connector pages,
Phase 3,2100.0,Agency/client reporting,seo reports for clients,1300,High-priority gap,Core category page,/solutions/seo-reports-for-clients/,"Lead with agency pain: reporting chaos, client trust, white-label delivery, fast setup, scheduled reporting.",Homepage | Integrations | Templates | Alternatives | Pricing | Related connector pages,
Phase 3,2100.0,White-label reporting,seo software white label,1300,High-priority gap,Solution page,/solutions/seo-software-white-label/,"Show brand control, custom domains, client portals/reports, agency credibility.",Homepage | Integrations | Templates | Alternatives | Pricing | Related connector pages,
Phase 3,2100.0,Agency/client reporting,seo report for clients,1300,High-priority gap,Core category page,/solutions/seo-report-for-clients/,"Lead with agency pain: reporting chaos, client trust, white-label delivery, fast setup, scheduled reporting.",Homepage | Integrations | Templates | Alternatives | Pricing | Related connector pages,
Phase 3,2100.0,AI-assisted reporting,claude connectors,1300,High-priority gap,AI solution page,/solutions/claude-connectors/,"Show AI insights grounded in connector truth, not generic chatbot summaries; tie to scheduled reports and agency review flow.",Homepage | Integrations | Templates | Alternatives | Pricing | Related connector pages,
Phase 3,1900.0,SEO reporting,seo report,1900,Quick-win refresh,Solution + template cluster,/solutions/seo-report/,"Cover GSC/rank/keyword/PageSpeed/local SEO, template preview, automated delivery.",Homepage | Integrations | Templates | Alternatives | Pricing | Related connector pages,
Phase 3,1900.0,SEO reporting,seo reports,1900,Quick-win refresh,Solution + template cluster,/solutions/seo-reports/,"Cover GSC/rank/keyword/PageSpeed/local SEO, template preview, automated delivery.",Homepage | Integrations | Templates | Alternatives | Pricing | Related connector pages,
Phase 3,1900.0,Dashboards / KPI reporting,marketing kpis,1900,Quick-win refresh,Solution/glossary page,/solutions/marketing-kpis/,Build as SEO support page that links into the nearest money page.,Homepage | Integrations | Templates | Alternatives | Pricing | Related connector pages,
Phase 3,1800.0,SEO reporting,seo report for client,1300,High-priority gap,Solution + template cluster,/solutions/seo-report-for-client/,"Cover GSC/rank/keyword/PageSpeed/local SEO, template preview, automated delivery.",Homepage | Integrations | Templates | Alternatives | Pricing | Related connector pages,
Phase 3,1800.0,SEO reporting,seo report to client,1300,High-priority gap,Solution + template cluster,/solutions/seo-report-to-client/,"Cover GSC/rank/keyword/PageSpeed/local SEO, template preview, automated delivery.",Homepage | Integrations | Templates | Alternatives | Pricing | Related connector pages,
Phase 3,1800.0,Social reporting,social media handles,1300,High-priority gap,Solution + template cluster,/solutions/social-media-handles/,Cover engagement/reach/follower/content KPIs and monthly client social reporting.,Homepage | Integrations | Templates | Alternatives | Pricing | Related connector pages,
Phase 3,1800.0,Dashboards / KPI reporting,google analytics dashboard,1300,High-priority gap,Solution/glossary page,/solutions/google-analytics-dashboard/,Build as SEO support page that links into the nearest money page.,Homepage | Integrations | Templates | Alternatives | Pricing | Related connector pages,
Phase 3,1800.0,Social reporting,reporting instagram account,1300,High-priority gap,Solution + template cluster,/solutions/reporting-instagram-account/,Cover engagement/reach/follower/content KPIs and monthly client social reporting.,Homepage | Integrations | Templates | Alternatives | Pricing | Related connector pages,
Phase 3,1800.0,Dashboards / KPI reporting,sales dashboard,1300,High-priority gap,Solution/glossary page,/solutions/sales-dashboard/,Build as SEO support page that links into the nearest money page.,Homepage | Integrations | Templates | Alternatives | Pricing | Related connector pages,
Phase 3,1800.0,White-label reporting,white label seo tools,1000,High-priority gap,Solution page,/solutions/white-label-seo-tools/,"Show brand control, custom domains, client portals/reports, agency credibility.",Homepage | Integrations | Templates | Alternatives | Pricing | Related connector pages,
Phase 3,1800.0,White-label reporting,white-label seo reports,1000,High-priority gap,Solution page,/solutions/white-label-seo-reports/,"Show brand control, custom domains, client portals/reports, agency credibility.",Homepage | Integrations | Templates | Alternatives | Pricing | Related connector pages,
Phase 3,1700.0,Paid ads reporting,ppc platform,1000,High-priority gap,Solution + connector cluster,/solutions/ppc-platform/,"Cover spend, ROAS, CPA, campaign performance, cross-channel paid media reporting.",Homepage | Integrations | Templates | Alternatives | Pricing | Related connector pages,
Phase 3,1700.0,Dashboards / KPI reporting,marketing dashboards,1000,High-priority gap,Solution/glossary page,/solutions/marketing-dashboards/,Build as SEO support page that links into the nearest money page.,Homepage | Integrations | Templates | Alternatives | Pricing | Related connector pages,
Phase 3,1600.0,Dashboards / KPI reporting,google my business dashboard,1600,New/refresh opportunity,Solution/glossary page,/solutions/google-my-business-dashboard/,Build as SEO support page that links into the nearest money page.,Homepage | Integrations | Templates | Alternatives | Pricing | Related connector pages,
Phase 3,1600.0,Templates,excel template dashboard,1600,Quick-win refresh,Template page,/templates/excel-template-dashboard/,"Free template asset plus automated Oviond version; include KPI checklist, screenshots, FAQ, related connectors.",Homepage | Integrations | Templates | Alternatives | Pricing | Related connector pages,
Phase 3,1600.0,Templates,dashboard template in excel,1600,Quick-win refresh,Template page,/templates/dashboard-template-in-excel/,"Free template asset plus automated Oviond version; include KPI checklist, screenshots, FAQ, related connectors.",Homepage | Integrations | Templates | Alternatives | Pricing | Related connector pages,
Phase 3,1600.0,Templates,excel business dashboard template,1600,Quick-win refresh,Template page,/templates/excel-business-dashboard-template/,"Free template asset plus automated Oviond version; include KPI checklist, screenshots, FAQ, related connectors.",Homepage | Integrations | Templates | Alternatives | Pricing | Related connector pages,
Phase 3,1600.0,Templates,dashboard template excel,1600,Quick-win refresh,Template page,/templates/dashboard-template-excel/,"Free template asset plus automated Oviond version; include KPI checklist, screenshots, FAQ, related connectors.",Homepage | Integrations | Templates | Alternatives | Pricing | Related connector pages,
Phase 3,1600.0,Dashboards / KPI reporting,dashboard sample excel,1600,Quick-win refresh,Solution/glossary page,/solutions/dashboard-sample-excel/,Build as SEO support page that links into the nearest money page.,Homepage | Integrations | Templates | Alternatives | Pricing | Related connector pages,
Phase 3,1600.0,Templates,dashboards excel templates,1600,Quick-win refresh,Template page,/templates/dashboards-excel-templates/,"Free template asset plus automated Oviond version; include KPI checklist, screenshots, FAQ, related connectors.",Homepage | Integrations | Templates | Alternatives | Pricing | Related connector pages,
Phase 3,1600.0,Templates,dashboards templates excel,1600,Quick-win refresh,Template page,/templates/dashboards-templates-excel/,"Free template asset plus automated Oviond version; include KPI checklist, screenshots, FAQ, related connectors.",Homepage | Integrations | Templates | Alternatives | Pricing | Related connector pages,
Phase 3,1600.0,Templates,excel dashboard template,1600,Quick-win refresh,Template page,/templates/excel-dashboard-template/,"Free template asset plus automated Oviond version; include KPI checklist, screenshots, FAQ, related connectors.",Homepage | Integrations | Templates | Alternatives | Pricing | Related connector pages,
Phase 3,1600.0,Dashboards / KPI reporting,dashboard sample in excel,1600,Quick-win refresh,Solution/glossary page,/solutions/dashboard-sample-in-excel/,Build as SEO support page that links into the nearest money page.,Homepage | Integrations | Templates | Alternatives | Pricing | Related connector pages,
Phase 3,1600.0,Templates,excel dashboard templates,1600,Quick-win refresh,Template page,/templates/excel-dashboard-templates/,"Free template asset plus automated Oviond version; include KPI checklist, screenshots, FAQ, related connectors.",Homepage | Integrations | Templates | Alternatives | Pricing | Related connector pages,
Phase 3,1600.0,Dashboards / KPI reporting,what are the kpis in marketing,1600,Quick-win refresh,Solution/glossary page,/solutions/what-are-the-kpis-in-marketing/,Build as SEO support page that links into the nearest money page.,Homepage | Integrations | Templates | Alternatives | Pricing | Related connector pages,
Phase 3,1600.0,Dashboards / KPI reporting,what is kpi marketing,1600,New/refresh opportunity,Solution/glossary page,/solutions/what-is-kpi-marketing/,Build as SEO support page that links into the nearest money page.,Homepage | Integrations | Templates | Alternatives | Pricing | Related connector pages,
Phase 3,1520.0,AI-assisted reporting,claude integrations,720,High-priority gap,AI solution page,/solutions/claude-integrations/,"Show AI insights grounded in connector truth, not generic chatbot summaries; tie to scheduled reports and agency review flow.",Homepage | Integrations | Templates | Alternatives | Pricing | Related connector pages,
Phase 3,1500.0,Templates,seo reporting template,1000,High-priority gap,Template page,/templates/seo-reporting-template/,"Free template asset plus automated Oviond version; include KPI checklist, screenshots, FAQ, related connectors.",Homepage | Integrations | Templates | Alternatives | Pricing | Related connector pages,
Phase 3,1500.0,SEO reporting,seo report format,1000,High-priority gap,Solution + template cluster,/solutions/seo-report-format/,"Cover GSC/rank/keyword/PageSpeed/local SEO, template preview, automated delivery.",Homepage | Integrations | Templates | Alternatives | Pricing | Related connector pages,
Phase 3,1500.0,Templates,seo reports template,1000,High-priority gap,Template page,/templates/seo-reports-template/,"Free template asset plus automated Oviond version; include KPI checklist, screenshots, FAQ, related connectors.",Homepage | Integrations | Templates | Alternatives | Pricing | Related connector pages,
