recommended_url,page_type,cluster,primary_keyword,target_secondary_keywords,h1_draft,title_tag_draft,brief,must_include_sections,conversion_cta,internal_links
/solutions/marketing-reporting-software/,Core category page,Core marketing reporting,marketing reporting software,See Keyword Master filtered by cluster,Marketing Reporting Software for Agencies,Marketing Reporting Software | Oviond,"Make this a money page: simple automated reporting software for agencies, proof, templates, integrations, comparisons.",Pain/problem | What to track | How Oviond automates it | Example/template | Integrations | FAQs | CTA,Start free trial / Book demo / View template,Homepage | Integrations | Templates | Alternatives | Pricing | Related connector pages
/solutions/client-reporting-software/,Core category page,Agency/client reporting,client reporting software,See Keyword Master filtered by cluster,Client Reporting Software for Agencies,Client Reporting Software | Oviond,"Lead with agency pain: reporting chaos, client trust, white-label delivery, fast setup, scheduled reporting.",Pain/problem | What to track | How Oviond automates it | Example/template | Integrations | FAQs | CTA,Start free trial / Book demo / View template,Homepage | Integrations | Templates | Alternatives | Pricing | Related connector pages
/solutions/agency-reporting-software/,Core category page,Agency/client reporting,agency reporting software,See Keyword Master filtered by cluster,Agency Reporting Software for Agencies,Agency Reporting Software | Oviond,"Lead with agency pain: reporting chaos, client trust, white-label delivery, fast setup, scheduled reporting.",Pain/problem | What to track | How Oviond automates it | Example/template | Integrations | FAQs | CTA,Start free trial / Book demo / View template,Homepage | Integrations | Templates | Alternatives | Pricing | Related connector pages
/solutions/marketing-agency-reporting-software/,Core category page,Agency/client reporting,marketing agency reporting software,See Keyword Master filtered by cluster,Marketing Agency Reporting Software for Agencies,Marketing Agency Reporting Software | Oviond,"Lead with agency pain: reporting chaos, client trust, white-label delivery, fast setup, scheduled reporting.",Pain/problem | What to track | How Oviond automates it | Example/template | Integrations | FAQs | CTA,Start free trial / Book demo / View template,Homepage | Integrations | Templates | Alternatives | Pricing | Related connector pages
/solutions/digital-marketing-reporting-software/,Core category page,Core marketing reporting,digital marketing reporting software,See Keyword Master filtered by cluster,Digital Marketing Reporting Software for Agencies,Digital Marketing Reporting Software | Oviond,"Make this a money page: simple automated reporting software for agencies, proof, templates, integrations, comparisons.",Pain/problem | What to track | How Oviond automates it | Example/template | Integrations | FAQs | CTA,Start free trial / Book demo / View template,Homepage | Integrations | Templates | Alternatives | Pricing | Related connector pages
/solutions/white-label-reporting-software/,Solution page,White-label reporting,white label reporting software,See Keyword Master filtered by cluster,White Label Reporting Software for Agencies,White Label Reporting Software | Oviond,"Show brand control, custom domains, client portals/reports, agency credibility.",Pain/problem | What to track | How Oviond automates it | Example/template | Integrations | FAQs | CTA,Start free trial / Book demo / View template,Homepage | Integrations | Templates | Alternatives | Pricing | Related connector pages
/solutions/white-label-dashboard-software/,Solution page,White-label reporting,white label dashboard software,See Keyword Master filtered by cluster,White Label Dashboard Software for Agencies,White Label Dashboard Software | Oviond,"Show brand control, custom domains, client portals/reports, agency credibility.",Pain/problem | What to track | How Oviond automates it | Example/template | Integrations | FAQs | CTA,Start free trial / Book demo / View template,Homepage | Integrations | Templates | Alternatives | Pricing | Related connector pages
/solutions/marketing-dashboard-software/,Solution/glossary page,Dashboards / KPI reporting,marketing dashboard software,See Keyword Master filtered by cluster,Marketing Dashboard Software for Agencies,Marketing Dashboard Software | Oviond,Build as SEO support page that links into the nearest money page.,Pain/problem | What to track | How Oviond automates it | Example/template | Integrations | FAQs | CTA,Start free trial / Book demo / View template,Homepage | Integrations | Templates | Alternatives | Pricing | Related connector pages
/solutions/agency-dashboard-software/,Solution/glossary page,Dashboards / KPI reporting,agency dashboard software,See Keyword Master filtered by cluster,Agency Dashboard Software for Agencies,Agency Dashboard Software | Oviond,Build as SEO support page that links into the nearest money page.,Pain/problem | What to track | How Oviond automates it | Example/template | Integrations | FAQs | CTA,Start free trial / Book demo / View template,Homepage | Integrations | Templates | Alternatives | Pricing | Related connector pages
/solutions/client-dashboard-software/,Solution/glossary page,Agency/client reporting,client dashboard software,See Keyword Master filtered by cluster,Client Dashboard Software for Agencies,Client Dashboard Software | Oviond,"Lead with agency pain: reporting chaos, client trust, white-label delivery, fast setup, scheduled reporting.",Pain/problem | What to track | How Oviond automates it | Example/template | Integrations | FAQs | CTA,Start free trial / Book demo / View template,Homepage | Integrations | Templates | Alternatives | Pricing | Related connector pages
/solutions/automated-marketing-reports/,Core category page,Core marketing reporting,automated marketing reports,See Keyword Master filtered by cluster,Automated Marketing Reports for Agencies,Automated Marketing Reports | Oviond,"Make this a money page: simple automated reporting software for agencies, proof, templates, integrations, comparisons.",Pain/problem | What to track | How Oviond automates it | Example/template | Integrations | FAQs | CTA,Start free trial / Book demo / View template,Homepage | Integrations | Templates | Alternatives | Pricing | Related connector pages
/solutions/automated-client-reporting/,Core category page,Agency/client reporting,automated client reporting,See Keyword Master filtered by cluster,Automated Client Reporting for Agencies,Automated Client Reporting | Oviond,"Lead with agency pain: reporting chaos, client trust, white-label delivery, fast setup, scheduled reporting.",Pain/problem | What to track | How Oviond automates it | Example/template | Integrations | FAQs | CTA,Start free trial / Book demo / View template,Homepage | Integrations | Templates | Alternatives | Pricing | Related connector pages
/solutions/seo-reporting-for-clients/,Core category page,SEO reporting,seo reporting for clients,See Keyword Master filtered by cluster,Seo Reporting For Clients for Agencies,Seo Reporting For Clients | Oviond,"Cover GSC/rank/keyword/PageSpeed/local SEO, template preview, automated delivery.",Pain/problem | What to track | How Oviond automates it | Example/template | Integrations | FAQs | CTA,Start free trial / Book demo / View template,Homepage | Integrations | Templates | Alternatives | Pricing | Related connector pages
/solutions/seo-reporting-software/,Solution + template cluster,SEO reporting,seo reporting software,See Keyword Master filtered by cluster,Seo Reporting Software for Agencies,Seo Reporting Software | Oviond,"Cover GSC/rank/keyword/PageSpeed/local SEO, template preview, automated delivery.",Pain/problem | What to track | How Oviond automates it | Example/template | Integrations | FAQs | CTA,Start free trial / Book demo / View template,Homepage | Integrations | Templates | Alternatives | Pricing | Related connector pages
/solutions/seo-reporting-tool/,Solution + template cluster,SEO reporting,seo reporting tool,See Keyword Master filtered by cluster,Seo Reporting Tool for Agencies,Seo Reporting Tool | Oviond,"Cover GSC/rank/keyword/PageSpeed/local SEO, template preview, automated delivery.",Pain/problem | What to track | How Oviond automates it | Example/template | Integrations | FAQs | CTA,Start free trial / Book demo / View template,Homepage | Integrations | Templates | Alternatives | Pricing | Related connector pages
/templates/seo-report-template/,Template page,SEO reporting,seo report template,See Keyword Master filtered by cluster,Seo Report Template for Agencies,Seo Report Template | Oviond,"Cover GSC/rank/keyword/PageSpeed/local SEO, template preview, automated delivery.",Pain/problem | What to track | How Oviond automates it | Example/template | Integrations | FAQs | CTA,Start free trial / Book demo / View template,Homepage | Integrations | Templates | Alternatives | Pricing | Related connector pages
/solutions/google-search-console-reporting-tool/,Solution + template cluster,SEO reporting,google search console reporting tool,See Keyword Master filtered by cluster,Google Search Console Reporting Tool for Agencies,Google Search Console Reporting Tool | Oviond,"Cover GSC/rank/keyword/PageSpeed/local SEO, template preview, automated delivery.",Pain/problem | What to track | How Oviond automates it | Example/template | Integrations | FAQs | CTA,Start free trial / Book demo / View template,Homepage | Integrations | Templates | Alternatives | Pricing | Related connector pages
/solutions/google-search-console-dashboard/,Solution + template cluster,SEO reporting,google search console dashboard,See Keyword Master filtered by cluster,Google Search Console Dashboard for Agencies,Google Search Console Dashboard | Oviond,"Cover GSC/rank/keyword/PageSpeed/local SEO, template preview, automated delivery.",Pain/problem | What to track | How Oviond automates it | Example/template | Integrations | FAQs | CTA,Start free trial / Book demo / View template,Homepage | Integrations | Templates | Alternatives | Pricing | Related connector pages
/solutions/keyword-ranking-report/,Solution + template cluster,SEO reporting,keyword ranking report,See Keyword Master filtered by cluster,Keyword Ranking Report for Agencies,Keyword Ranking Report | Oviond,"Cover GSC/rank/keyword/PageSpeed/local SEO, template preview, automated delivery.",Pain/problem | What to track | How Oviond automates it | Example/template | Integrations | FAQs | CTA,Start free trial / Book demo / View template,Homepage | Integrations | Templates | Alternatives | Pricing | Related connector pages
/templates/local-seo-report-template/,Template page,SEO reporting,local seo report template,See Keyword Master filtered by cluster,Local Seo Report Template for Agencies,Local Seo Report Template | Oviond,"Cover GSC/rank/keyword/PageSpeed/local SEO, template preview, automated delivery.",Pain/problem | What to track | How Oviond automates it | Example/template | Integrations | FAQs | CTA,Start free trial / Book demo / View template,Homepage | Integrations | Templates | Alternatives | Pricing | Related connector pages
/solutions/ppc-reporting-tool/,Solution + connector cluster,Paid ads reporting,ppc reporting tool,See Keyword Master filtered by cluster,Ppc Reporting Tool for Agencies,Ppc Reporting Tool | Oviond,"Cover spend, ROAS, CPA, campaign performance, cross-channel paid media reporting.",Pain/problem | What to track | How Oviond automates it | Example/template | Integrations | FAQs | CTA,Start free trial / Book demo / View template,Homepage | Integrations | Templates | Alternatives | Pricing | Related connector pages
/solutions/ppc-reporting-software/,Solution + connector cluster,Paid ads reporting,ppc reporting software,See Keyword Master filtered by cluster,Ppc Reporting Software for Agencies,Ppc Reporting Software | Oviond,"Cover spend, ROAS, CPA, campaign performance, cross-channel paid media reporting.",Pain/problem | What to track | How Oviond automates it | Example/template | Integrations | FAQs | CTA,Start free trial / Book demo / View template,Homepage | Integrations | Templates | Alternatives | Pricing | Related connector pages
/templates/ppc-report-template/,Template page,Paid ads reporting,ppc report template,See Keyword Master filtered by cluster,Ppc Report Template for Agencies,Ppc Report Template | Oviond,"Cover spend, ROAS, CPA, campaign performance, cross-channel paid media reporting.",Pain/problem | What to track | How Oviond automates it | Example/template | Integrations | FAQs | CTA,Start free trial / Book demo / View template,Homepage | Integrations | Templates | Alternatives | Pricing | Related connector pages
/solutions/google-ads-reporting-tool/,Solution + connector cluster,Paid ads reporting,google ads reporting tool,See Keyword Master filtered by cluster,Google Ads Reporting Tool for Agencies,Google Ads Reporting Tool | Oviond,"Cover spend, ROAS, CPA, campaign performance, cross-channel paid media reporting.",Pain/problem | What to track | How Oviond automates it | Example/template | Integrations | FAQs | CTA,Start free trial / Book demo / View template,Homepage | Integrations | Templates | Alternatives | Pricing | Related connector pages
/templates/google-ads-report-template/,Template page,Paid ads reporting,google ads report template,See Keyword Master filtered by cluster,Google Ads Report Template for Agencies,Google Ads Report Template | Oviond,"Cover spend, ROAS, CPA, campaign performance, cross-channel paid media reporting.",Pain/problem | What to track | How Oviond automates it | Example/template | Integrations | FAQs | CTA,Start free trial / Book demo / View template,Homepage | Integrations | Templates | Alternatives | Pricing | Related connector pages
/solutions/facebook-ads-reporting-tool/,Solution + connector cluster,Paid ads reporting,facebook ads reporting tool,See Keyword Master filtered by cluster,Facebook Ads Reporting Tool for Agencies,Facebook Ads Reporting Tool | Oviond,"Cover spend, ROAS, CPA, campaign performance, cross-channel paid media reporting.",Pain/problem | What to track | How Oviond automates it | Example/template | Integrations | FAQs | CTA,Start free trial / Book demo / View template,Homepage | Integrations | Templates | Alternatives | Pricing | Related connector pages
/templates/facebook-ads-report-template/,Template page,Paid ads reporting,facebook ads report template,See Keyword Master filtered by cluster,Facebook Ads Report Template for Agencies,Facebook Ads Report Template | Oviond,"Cover spend, ROAS, CPA, campaign performance, cross-channel paid media reporting.",Pain/problem | What to track | How Oviond automates it | Example/template | Integrations | FAQs | CTA,Start free trial / Book demo / View template,Homepage | Integrations | Templates | Alternatives | Pricing | Related connector pages
/solutions/meta-ads-reporting/,Solution + connector cluster,Paid ads reporting,meta ads reporting,See Keyword Master filtered by cluster,Meta Ads Reporting for Agencies,Meta Ads Reporting | Oviond,"Cover spend, ROAS, CPA, campaign performance, cross-channel paid media reporting.",Pain/problem | What to track | How Oviond automates it | Example/template | Integrations | FAQs | CTA,Start free trial / Book demo / View template,Homepage | Integrations | Templates | Alternatives | Pricing | Related connector pages
/solutions/paid-media-reporting-dashboard/,Solution + connector cluster,Paid ads reporting,paid media reporting dashboard,See Keyword Master filtered by cluster,Paid Media Reporting Dashboard for Agencies,Paid Media Reporting Dashboard | Oviond,"Cover spend, ROAS, CPA, campaign performance, cross-channel paid media reporting.",Pain/problem | What to track | How Oviond automates it | Example/template | Integrations | FAQs | CTA,Start free trial / Book demo / View template,Homepage | Integrations | Templates | Alternatives | Pricing | Related connector pages
/solutions/social-media-reporting-tool/,Solution + template cluster,Social reporting,social media reporting tool,See Keyword Master filtered by cluster,Social Media Reporting Tool for Agencies,Social Media Reporting Tool | Oviond,Cover engagement/reach/follower/content KPIs and monthly client social reporting.,Pain/problem | What to track | How Oviond automates it | Example/template | Integrations | FAQs | CTA,Start free trial / Book demo / View template,Homepage | Integrations | Templates | Alternatives | Pricing | Related connector pages
/solutions/social-media-reporting-software/,Solution + template cluster,Social reporting,social media reporting software,See Keyword Master filtered by cluster,Social Media Reporting Software for Agencies,Social Media Reporting Software | Oviond,Cover engagement/reach/follower/content KPIs and monthly client social reporting.,Pain/problem | What to track | How Oviond automates it | Example/template | Integrations | FAQs | CTA,Start free trial / Book demo / View template,Homepage | Integrations | Templates | Alternatives | Pricing | Related connector pages
/templates/social-media-reporting-template/,Template page,Social reporting,social media reporting template,See Keyword Master filtered by cluster,Social Media Reporting Template for Agencies,Social Media Reporting Template | Oviond,Cover engagement/reach/follower/content KPIs and monthly client social reporting.,Pain/problem | What to track | How Oviond automates it | Example/template | Integrations | FAQs | CTA,Start free trial / Book demo / View template,Homepage | Integrations | Templates | Alternatives | Pricing | Related connector pages
/solutions/instagram-analytics-report/,Solution + template cluster,Social reporting,instagram analytics report,See Keyword Master filtered by cluster,Instagram Analytics Report for Agencies,Instagram Analytics Report | Oviond,Cover engagement/reach/follower/content KPIs and monthly client social reporting.,Pain/problem | What to track | How Oviond automates it | Example/template | Integrations | FAQs | CTA,Start free trial / Book demo / View template,Homepage | Integrations | Templates | Alternatives | Pricing | Related connector pages
/solutions/linkedin-ads-reporting/,Solution + connector cluster,Social reporting,linkedin ads reporting,See Keyword Master filtered by cluster,Linkedin Ads Reporting for Agencies,Linkedin Ads Reporting | Oviond,Cover engagement/reach/follower/content KPIs and monthly client social reporting.,Pain/problem | What to track | How Oviond automates it | Example/template | Integrations | FAQs | CTA,Start free trial / Book demo / View template,Homepage | Integrations | Templates | Alternatives | Pricing | Related connector pages
/solutions/tiktok-ads-reporting/,Solution + template cluster,Social reporting,tiktok ads reporting,See Keyword Master filtered by cluster,Tiktok Ads Reporting for Agencies,Tiktok Ads Reporting | Oviond,Cover engagement/reach/follower/content KPIs and monthly client social reporting.,Pain/problem | What to track | How Oviond automates it | Example/template | Integrations | FAQs | CTA,Start free trial / Book demo / View template,Homepage | Integrations | Templates | Alternatives | Pricing | Related connector pages
/solutions/youtube-analytics-report/,Solution + template cluster,Social reporting,youtube analytics report,See Keyword Master filtered by cluster,Youtube Analytics Report for Agencies,Youtube Analytics Report | Oviond,Cover engagement/reach/follower/content KPIs and monthly client social reporting.,Pain/problem | What to track | How Oviond automates it | Example/template | Integrations | FAQs | CTA,Start free trial / Book demo / View template,Homepage | Integrations | Templates | Alternatives | Pricing | Related connector pages
/templates/marketing-report-template/,Template page,Templates,marketing report template,See Keyword Master filtered by cluster,Marketing Report Template for Agencies,Marketing Report Template | Oviond,"Free template asset plus automated Oviond version; include KPI checklist, screenshots, FAQ, related connectors.",Pain/problem | What to track | How Oviond automates it | Example/template | Integrations | FAQs | CTA,Start free trial / Book demo / View template,Homepage | Integrations | Templates | Alternatives | Pricing | Related connector pages
/templates/client-report-template/,Template page,Templates,client report template,See Keyword Master filtered by cluster,Client Report Template for Agencies,Client Report Template | Oviond,"Free template asset plus automated Oviond version; include KPI checklist, screenshots, FAQ, related connectors.",Pain/problem | What to track | How Oviond automates it | Example/template | Integrations | FAQs | CTA,Start free trial / Book demo / View template,Homepage | Integrations | Templates | Alternatives | Pricing | Related connector pages
/templates/monthly-marketing-report-template/,Template page,Templates,monthly marketing report template,See Keyword Master filtered by cluster,Monthly Marketing Report Template for Agencies,Monthly Marketing Report Template | Oviond,"Free template asset plus automated Oviond version; include KPI checklist, screenshots, FAQ, related connectors.",Pain/problem | What to track | How Oviond automates it | Example/template | Integrations | FAQs | CTA,Start free trial / Book demo / View template,Homepage | Integrations | Templates | Alternatives | Pricing | Related connector pages
/templates/digital-marketing-report-template/,Template page,Templates,digital marketing report template,See Keyword Master filtered by cluster,Digital Marketing Report Template for Agencies,Digital Marketing Report Template | Oviond,"Free template asset plus automated Oviond version; include KPI checklist, screenshots, FAQ, related connectors.",Pain/problem | What to track | How Oviond automates it | Example/template | Integrations | FAQs | CTA,Start free trial / Book demo / View template,Homepage | Integrations | Templates | Alternatives | Pricing | Related connector pages
/templates/agency-report-template/,Template page,Templates,agency report template,See Keyword Master filtered by cluster,Agency Report Template for Agencies,Agency Report Template | Oviond,"Free template asset plus automated Oviond version; include KPI checklist, screenshots, FAQ, related connectors.",Pain/problem | What to track | How Oviond automates it | Example/template | Integrations | FAQs | CTA,Start free trial / Book demo / View template,Homepage | Integrations | Templates | Alternatives | Pricing | Related connector pages
/templates/white-label-report-template/,Template page,Templates,white label report template,See Keyword Master filtered by cluster,White Label Report Template for Agencies,White Label Report Template | Oviond,"Free template asset plus automated Oviond version; include KPI checklist, screenshots, FAQ, related connectors.",Pain/problem | What to track | How Oviond automates it | Example/template | Integrations | FAQs | CTA,Start free trial / Book demo / View template,Homepage | Integrations | Templates | Alternatives | Pricing | Related connector pages
/templates/dashboard-report-template/,Template page,Templates,dashboard report template,See Keyword Master filtered by cluster,Dashboard Report Template for Agencies,Dashboard Report Template | Oviond,"Free template asset plus automated Oviond version; include KPI checklist, screenshots, FAQ, related connectors.",Pain/problem | What to track | How Oviond automates it | Example/template | Integrations | FAQs | CTA,Start free trial / Book demo / View template,Homepage | Integrations | Templates | Alternatives | Pricing | Related connector pages
/alternatives/agencyanalytics-alternative/,Comparison page,Competitor alternatives / comparison,agencyanalytics alternative,See Keyword Master filtered by cluster,Agencyanalytics Alternative for Agencies,Agencyanalytics Alternative | Oviond,"Conversion page with comparison table, who each tool fits, agency workflow angle, migration CTA, honest limitations.",Pain/problem | What to track | How Oviond automates it | Example/template | Integrations | FAQs | CTA,Start free trial / Book demo / View template,Homepage | Integrations | Templates | Alternatives | Pricing | Related connector pages
/alternatives/alternative-to-agencyanalytics/,Comparison page,Competitor alternatives / comparison,alternative to agencyanalytics,See Keyword Master filtered by cluster,Alternative To Agencyanalytics for Agencies,Alternative To Agencyanalytics | Oviond,"Conversion page with comparison table, who each tool fits, agency workflow angle, migration CTA, honest limitations.",Pain/problem | What to track | How Oviond automates it | Example/template | Integrations | FAQs | CTA,Start free trial / Book demo / View template,Homepage | Integrations | Templates | Alternatives | Pricing | Related connector pages
/alternatives/dashthis-alternative/,Comparison page,Competitor alternatives / comparison,dashthis alternative,See Keyword Master filtered by cluster,Dashthis Alternative for Agencies,Dashthis Alternative | Oviond,"Conversion page with comparison table, who each tool fits, agency workflow angle, migration CTA, honest limitations.",Pain/problem | What to track | How Oviond automates it | Example/template | Integrations | FAQs | CTA,Start free trial / Book demo / View template,Homepage | Integrations | Templates | Alternatives | Pricing | Related connector pages
/alternatives/whatagraph-alternative/,Comparison page,Competitor alternatives / comparison,whatagraph alternative,See Keyword Master filtered by cluster,Whatagraph Alternative for Agencies,Whatagraph Alternative | Oviond,"Conversion page with comparison table, who each tool fits, agency workflow angle, migration CTA, honest limitations.",Pain/problem | What to track | How Oviond automates it | Example/template | Integrations | FAQs | CTA,Start free trial / Book demo / View template,Homepage | Integrations | Templates | Alternatives | Pricing | Related connector pages
/alternatives/swydo-alternative/,Comparison page,Competitor alternatives / comparison,swydo alternative,See Keyword Master filtered by cluster,Swydo Alternative for Agencies,Swydo Alternative | Oviond,"Conversion page with comparison table, who each tool fits, agency workflow angle, migration CTA, honest limitations.",Pain/problem | What to track | How Oviond automates it | Example/template | Integrations | FAQs | CTA,Start free trial / Book demo / View template,Homepage | Integrations | Templates | Alternatives | Pricing | Related connector pages
/alternatives/looker-studio-alternative/,Comparison page,Competitor alternatives / comparison,looker studio alternative,See Keyword Master filtered by cluster,Looker Studio Alternative for Agencies,Looker Studio Alternative | Oviond,"Conversion page with comparison table, who each tool fits, agency workflow angle, migration CTA, honest limitations.",Pain/problem | What to track | How Oviond automates it | Example/template | Integrations | FAQs | CTA,Start free trial / Book demo / View template,Homepage | Integrations | Templates | Alternatives | Pricing | Related connector pages
/alternatives/google-data-studio-alternative/,Comparison page,Competitor alternatives / comparison,google data studio alternative,See Keyword Master filtered by cluster,Google Data Studio Alternative for Agencies,Google Data Studio Alternative | Oviond,"Conversion page with comparison table, who each tool fits, agency workflow angle, migration CTA, honest limitations.",Pain/problem | What to track | How Oviond automates it | Example/template | Integrations | FAQs | CTA,Start free trial / Book demo / View template,Homepage | Integrations | Templates | Alternatives | Pricing | Related connector pages
/alternatives/supermetrics-alternative/,Comparison page,Competitor alternatives / comparison,supermetrics alternative,See Keyword Master filtered by cluster,Supermetrics Alternative for Agencies,Supermetrics Alternative | Oviond,"Conversion page with comparison table, who each tool fits, agency workflow angle, migration CTA, honest limitations.",Pain/problem | What to track | How Oviond automates it | Example/template | Integrations | FAQs | CTA,Start free trial / Book demo / View template,Homepage | Integrations | Templates | Alternatives | Pricing | Related connector pages
/alternatives/two-minute-reports-alternative/,Comparison page,Competitor alternatives / comparison,two minute reports alternative,See Keyword Master filtered by cluster,Two Minute Reports Alternative for Agencies,Two Minute Reports Alternative | Oviond,"Conversion page with comparison table, who each tool fits, agency workflow angle, migration CTA, honest limitations.",Pain/problem | What to track | How Oviond automates it | Example/template | Integrations | FAQs | CTA,Start free trial / Book demo / View template,Homepage | Integrations | Templates | Alternatives | Pricing | Related connector pages
/alternatives/2-minute-reports-alternative/,Comparison page,Competitor alternatives / comparison,2 minute reports alternative,See Keyword Master filtered by cluster,2 Minute Reports Alternative for Agencies,2 Minute Reports Alternative | Oviond,"Conversion page with comparison table, who each tool fits, agency workflow angle, migration CTA, honest limitations.",Pain/problem | What to track | How Oviond automates it | Example/template | Integrations | FAQs | CTA,Start free trial / Book demo / View template,Homepage | Integrations | Templates | Alternatives | Pricing | Related connector pages
/alternatives/databox-alternative/,Comparison page,Competitor alternatives / comparison,databox alternative,See Keyword Master filtered by cluster,Databox Alternative for Agencies,Databox Alternative | Oviond,"Conversion page with comparison table, who each tool fits, agency workflow angle, migration CTA, honest limitations.",Pain/problem | What to track | How Oviond automates it | Example/template | Integrations | FAQs | CTA,Start free trial / Book demo / View template,Homepage | Integrations | Templates | Alternatives | Pricing | Related connector pages
/alternatives/tapclicks-alternative/,Comparison page,Competitor alternatives / comparison,tapclicks alternative,See Keyword Master filtered by cluster,Tapclicks Alternative for Agencies,Tapclicks Alternative | Oviond,"Conversion page with comparison table, who each tool fits, agency workflow angle, migration CTA, honest limitations.",Pain/problem | What to track | How Oviond automates it | Example/template | Integrations | FAQs | CTA,Start free trial / Book demo / View template,Homepage | Integrations | Templates | Alternatives | Pricing | Related connector pages
/alternatives/reportgarden-alternative/,Comparison page,Competitor alternatives / comparison,reportgarden alternative,See Keyword Master filtered by cluster,Reportgarden Alternative for Agencies,Reportgarden Alternative | Oviond,"Conversion page with comparison table, who each tool fits, agency workflow angle, migration CTA, honest limitations.",Pain/problem | What to track | How Oviond automates it | Example/template | Integrations | FAQs | CTA,Start free trial / Book demo / View template,Homepage | Integrations | Templates | Alternatives | Pricing | Related connector pages
/alternatives/reporting-ninja-alternative/,Comparison page,Competitor alternatives / comparison,reporting ninja alternative,See Keyword Master filtered by cluster,Reporting Ninja Alternative for Agencies,Reporting Ninja Alternative | Oviond,"Conversion page with comparison table, who each tool fits, agency workflow angle, migration CTA, honest limitations.",Pain/problem | What to track | How Oviond automates it | Example/template | Integrations | FAQs | CTA,Start free trial / Book demo / View template,Homepage | Integrations | Templates | Alternatives | Pricing | Related connector pages
/alternatives/coupler-io-alternative/,Comparison page,Competitor alternatives / comparison,coupler.io alternative,See Keyword Master filtered by cluster,Coupler.Io Alternative for Agencies,Coupler.Io Alternative | Oviond,"Conversion page with comparison table, who each tool fits, agency workflow angle, migration CTA, honest limitations.",Pain/problem | What to track | How Oviond automates it | Example/template | Integrations | FAQs | CTA,Start free trial / Book demo / View template,Homepage | Integrations | Templates | Alternatives | Pricing | Related connector pages
/alternatives/porter-metrics-alternative/,Comparison page,Competitor alternatives / comparison,porter metrics alternative,See Keyword Master filtered by cluster,Porter Metrics Alternative for Agencies,Porter Metrics Alternative | Oviond,"Conversion page with comparison table, who each tool fits, agency workflow angle, migration CTA, honest limitations.",Pain/problem | What to track | How Oviond automates it | Example/template | Integrations | FAQs | CTA,Start free trial / Book demo / View template,Homepage | Integrations | Templates | Alternatives | Pricing | Related connector pages
/alternatives/power-my-analytics-alternative/,Comparison page,Competitor alternatives / comparison,power my analytics alternative,See Keyword Master filtered by cluster,Power My Analytics Alternative for Agencies,Power My Analytics Alternative | Oviond,"Conversion page with comparison table, who each tool fits, agency workflow angle, migration CTA, honest limitations.",Pain/problem | What to track | How Oviond automates it | Example/template | Integrations | FAQs | CTA,Start free trial / Book demo / View template,Homepage | Integrations | Templates | Alternatives | Pricing | Related connector pages
