keyword,cluster,source,seed,relevance_score,search_volume,cpc,competition,competition_level,low_top_of_page_bid,high_top_of_page_bid,monthly_trend_pct,quarterly_trend_pct,yearly_trend_pct,recent_3mo_vs_prior_3mo_pct,latest_month_yoy_pct,keyword_difficulty,main_intent,words_count,last_updated_time
agency reporting software,agency_reporting,seed,self,17,70,33.88,3,LOW,29.01,509.37,,,,183.3,-47.6,,,,
agency reporting tool,agency_reporting,generated,agency reporting,17,70,,1,LOW,,,,,,450.0,55.6,,,,
marketing agency reporting software,agency_reporting,dataforseo_suggestion,marketing reporting software,20,50,75.13,4,LOW,,,,,,275.0,22.2,,,,
digital agency reporting software,agency_reporting,dataforseo_suggestion,agency reporting software,17,10,,0,LOW,,,,,,50.0,0.0,,,,
agency reporting automation,agency_reporting,generated,agency reporting,18,,,,,,,,,,,,,,,
agency reporting for marketing agencies,agency_reporting,generated,agency reporting,18,,,,,,,,,,,,,,,
agency reporting for agencies,agency_reporting,generated,agency reporting,15,,,,,,,,,,,,,,,
agency reporting for digital agencies,agency_reporting,generated,agency reporting,15,,,,,,,,,,,,,,,
agency reporting for small agencies,agency_reporting,generated,agency reporting,15,,,,,,,,,,,,,,,
agency reporting platform,agency_reporting,generated,agency reporting,15,,,,,,,,,,,,,,,
agency reporting reports,agency_reporting,generated,agency reporting,15,,,,,,,,,,,,,,,
agency reporting template,agency_reporting,generated,agency reporting,15,,,,,,,,,,,,,,,
ai reporting tools,ai_reporting,dataforseo_idea,AI marketing reporting|AI report generator for agencies|ChatGPT marketing reporting,15,170,29.06,31,LOW,6.87,23.9,,,,196.3,50.0,,,,
ai marketing reporting,ai_reporting,seed,self,16,20,16.61,32,LOW,8.47,13.71,,,,33.3,-66.7,,,,
ai client reporting dashboard,ai_reporting,generated,ai client reporting,20,,,,,,,,,,,,,,,
ai marketing reporting dashboard,ai_reporting,generated,ai marketing reporting,20,,,,,,,,,,,,,,,
mcp marketing reporting dashboard,ai_reporting,generated,mcp marketing reporting,20,,,,,,,,,,,,,,,
ai client reporting automation,ai_reporting,generated,ai client reporting,19,,,,,,,,,,,,,,,
ai marketing reporting automation,ai_reporting,generated,ai marketing reporting,19,,,,,,,,,,,,,,,
ai marketing reporting for clients,ai_reporting,generated,ai marketing reporting,19,,,,,,,,,,,,,,,
chatgpt marketing reports reporting software,ai_reporting,generated,chatgpt marketing reports,19,,,,,,,,,,,,,,,
chatgpt marketing reports reporting tool,ai_reporting,generated,chatgpt marketing reports,19,,,,,,,,,,,,,,,
mcp marketing reporting automation,ai_reporting,generated,mcp marketing reporting,19,,,,,,,,,,,,,,,
mcp marketing reporting for clients,ai_reporting,generated,mcp marketing reporting,19,,,,,,,,,,,,,,,
ai client reporting for marketing agencies,ai_reporting,generated,ai client reporting,18,,,,,,,,,,,,,,,
ai client reporting software,ai_reporting,generated,ai client reporting,18,,,,,,,,,,,,,,,
ai client reporting tool,ai_reporting,generated,ai client reporting,18,,,,,,,,,,,,,,,
ai marketing reporting software,ai_reporting,generated,ai marketing reporting,18,,,,,,,,,,,,,,,
ai marketing reporting tool,ai_reporting,generated,ai marketing reporting,18,,,,,,,,,,,,,,,
claude marketing analytics reporting software,ai_reporting,generated,claude marketing analytics,18,,,,,,,,,,,,,,,
claude marketing analytics reporting tool,ai_reporting,generated,claude marketing analytics,18,,,,,,,,,,,,,,,
mcp marketing reporting software,ai_reporting,generated,mcp marketing reporting,18,,,,,,,,,,,,,,,
mcp marketing reporting tool,ai_reporting,generated,mcp marketing reporting,18,,,,,,,,,,,,,,,
chatgpt marketing reporting,ai_reporting,seed,self,17,,,,,,,,,,,,,,,
ai client reporting for agencies,ai_reporting,generated,ai client reporting,16,,,,,,,,,,,,,,,
ai client reporting for clients,ai_reporting,generated,ai client reporting,16,,,,,,,,,,,,,,,
ai client reporting platform,ai_reporting,generated,ai client reporting,16,,,,,,,,,,,,,,,
ai client reporting reports,ai_reporting,generated,ai client reporting,16,,,,,,,,,,,,,,,
ai client reporting template,ai_reporting,generated,ai client reporting,16,,,,,,,,,,,,,,,
ai marketing reporting for agencies,ai_reporting,generated,ai marketing reporting,16,,,,,,,,,,,,,,,
ai marketing reporting platform,ai_reporting,generated,ai marketing reporting,16,,,,,,,,,,,,,,,
ai marketing reporting reports,ai_reporting,generated,ai marketing reporting,16,,,,,,,,,,,,,,,
ai marketing reporting template,ai_reporting,generated,ai marketing reporting,16,,,,,,,,,,,,,,,
chatgpt marketing reports dashboard,ai_reporting,generated,chatgpt marketing reports,16,,,,,,,,,,,,,,,
mcp marketing reporting,ai_reporting,seed,self,16,,,,,,,,,,,,,,,
mcp marketing reporting for agencies,ai_reporting,generated,mcp marketing reporting,16,,,,,,,,,,,,,,,
mcp marketing reporting platform,ai_reporting,generated,mcp marketing reporting,16,,,,,,,,,,,,,,,
mcp marketing reporting reports,ai_reporting,generated,mcp marketing reporting,16,,,,,,,,,,,,,,,
mcp marketing reporting template,ai_reporting,generated,mcp marketing reporting,16,,,,,,,,,,,,,,,
ai client reporting for digital agencies,ai_reporting,generated,ai client reporting,15,,,,,,,,,,,,,,,
ai client reporting for small agencies,ai_reporting,generated,ai client reporting,15,,,,,,,,,,,,,,,
ai marketing reporting for digital agencies,ai_reporting,generated,ai marketing reporting,15,,,,,,,,,,,,,,,
ai marketing reporting for marketing agencies,ai_reporting,generated,ai marketing reporting,15,,,,,,,,,,,,,,,
ai marketing reporting for small agencies,ai_reporting,generated,ai marketing reporting,15,,,,,,,,,,,,,,,
ai report generator reporting software,ai_reporting,generated,ai report generator,15,,,,,,,,,,,,,,,
ai report generator reporting tool,ai_reporting,generated,ai report generator,15,,,,,,,,,,,,,,,
chatgpt marketing reports automation,ai_reporting,generated,chatgpt marketing reports,15,,,,,,,,,,,,,,,
chatgpt marketing reports for clients,ai_reporting,generated,chatgpt marketing reports,15,,,,,,,,,,,,,,,
mcp marketing reporting for digital agencies,ai_reporting,generated,mcp marketing reporting,15,,,,,,,,,,,,,,,
mcp marketing reporting for marketing agencies,ai_reporting,generated,mcp marketing reporting,15,,,,,,,,,,,,,,,
mcp marketing reporting for small agencies,ai_reporting,generated,mcp marketing reporting,15,,,,,,,,,,,,,,,
chatgpt marketing reports software,ai_reporting,generated,chatgpt marketing reports,14,,,,,,,,,,,,,,,
chatgpt marketing reports tool,ai_reporting,generated,chatgpt marketing reports,14,,,,,,,,,,,,,,,
ai report generator dashboard,ai_reporting,generated,ai report generator,12,,,,,,,,,,,,,,,
chatgpt marketing reports,ai_reporting,generated,chatgpt marketing reports,12,,,,,,,,,,,,,,,
chatgpt marketing reports for agencies,ai_reporting,generated,chatgpt marketing reports,12,,,,,,,,,,,,,,,
chatgpt marketing reports platform,ai_reporting,generated,chatgpt marketing reports,12,,,,,,,,,,,,,,,
chatgpt marketing reports template,ai_reporting,generated,chatgpt marketing reports,12,,,,,,,,,,,,,,,
ai report generator automation,ai_reporting,generated,ai report generator,11,,,,,,,,,,,,,,,
ai report generator for clients,ai_reporting,generated,ai report generator,11,,,,,,,,,,,,,,,
chatgpt marketing reports for digital agencies,ai_reporting,generated,chatgpt marketing reports,11,,,,,,,,,,,,,,,
chatgpt marketing reports for marketing agencies,ai_reporting,generated,chatgpt marketing reports,11,,,,,,,,,,,,,,,
chatgpt marketing reports for small agencies,ai_reporting,generated,chatgpt marketing reports,11,,,,,,,,,,,,,,,
claude marketing analytics dashboard,ai_reporting,generated,claude marketing analytics,11,,,,,,,,,,,,,,,
claude marketing analytics reports,ai_reporting,generated,claude marketing analytics,11,,,,,,,,,,,,,,,
ai report generator for marketing agencies,ai_reporting,generated,ai report generator,10,,,,,,,,,,,,,,,
ai report generator software,ai_reporting,generated,ai report generator,10,,,,,,,,,,,,,,,
ai report generator tool,ai_reporting,generated,ai report generator,10,,,,,,,,,,,,,,,
claude marketing analytics automation,ai_reporting,generated,claude marketing analytics,10,,,,,,,,,,,,,,,
claude marketing analytics for clients,ai_reporting,generated,claude marketing analytics,10,,,,,,,,,,,,,,,
claude marketing analytics software,ai_reporting,generated,claude marketing analytics,9,,,,,,,,,,,,,,,
claude marketing analytics tool,ai_reporting,generated,claude marketing analytics,9,,,,,,,,,,,,,,,
ai report generator for agencies,ai_reporting,seed,self,8,,,,,,,,,,,,,,,
ai report generator platform,ai_reporting,generated,ai report generator,8,,,,,,,,,,,,,,,
ai report generator reports,ai_reporting,generated,ai report generator,8,,,,,,,,,,,,,,,
ai report generator template,ai_reporting,generated,ai report generator,8,,,,,,,,,,,,,,,
ai report generator for digital agencies,ai_reporting,generated,ai report generator,7,,,,,,,,,,,,,,,
ai report generator for small agencies,ai_reporting,generated,ai report generator,7,,,,,,,,,,,,,,,
claude marketing analytics for agencies,ai_reporting,generated,claude marketing analytics,7,,,,,,,,,,,,,,,
claude marketing analytics platform,ai_reporting,generated,claude marketing analytics,7,,,,,,,,,,,,,,,
claude marketing analytics template,ai_reporting,generated,claude marketing analytics,7,,,,,,,,,,,,,,,
claude marketing data,ai_reporting,seed,self,7,,,,,,,,,,,,,,,
claude marketing analytics for digital agencies,ai_reporting,generated,claude marketing analytics,6,,,,,,,,,,,,,,,
claude marketing analytics for marketing agencies,ai_reporting,generated,claude marketing analytics,6,,,,,,,,,,,,,,,
claude marketing analytics for small agencies,ai_reporting,generated,claude marketing analytics,6,,,,,,,,,,,,,,,
google analytics reporting template,analytics_reporting,generated,google analytics reporting,11,210,6.24,6,LOW,2.42,11,,,,24.2,-46.2,,,,
google analytics reporting automation,analytics_reporting,generated,google analytics reporting,14,140,19.12,4,LOW,10.15,24.85,,,,26.7,-77.1,,,,
google analytics reporting tool,analytics_reporting,generated,google analytics reporting,13,70,,3,LOW,10.27,37.81,,,,36.4,0.0,,,,
google analytics reporting dashboard,analytics_reporting,generated,google analytics reporting,15,10,,7,LOW,,,,,,33.3,-33.3,,,,
google analytics reporting software,analytics_reporting,generated,google analytics reporting,13,10,,0,LOW,,,,,,0.0,-50.0,,,,
ga4 reporting dashboard,analytics_reporting,generated,ga4 reporting,19,,,,,,,,,,,,,,,
ga4 reporting automation,analytics_reporting,generated,ga4 reporting,18,,,,,,,,,,,,,,,
ga4 reporting for clients,analytics_reporting,generated,ga4 reporting,18,,,,,,,,,,,,,,,
ga4 reporting for marketing agencies,analytics_reporting,generated,ga4 reporting,18,,,,,,,,,,,,,,,
ga4 reporting software,analytics_reporting,generated,ga4 reporting,17,,,,,,,,,,,,,,,
ga4 reporting tool,analytics_reporting,seed,self,17,,,,,,,,,,,,,,,
ga4 reporting for agencies,analytics_reporting,generated,ga4 reporting,15,,,,,,,,,,,,,,,
ga4 reporting for digital agencies,analytics_reporting,generated,ga4 reporting,15,,,,,,,,,,,,,,,
ga4 reporting for small agencies,analytics_reporting,generated,ga4 reporting,15,,,,,,,,,,,,,,,
ga4 reporting platform,analytics_reporting,generated,ga4 reporting,15,,,,,,,,,,,,,,,
ga4 reporting reports,analytics_reporting,generated,ga4 reporting,15,,,,,,,,,,,,,,,
ga4 reporting template,analytics_reporting,generated,ga4 reporting,15,,,,,,,,,,,,,,,
google analytics reporting for clients,analytics_reporting,generated,google analytics reporting,14,,,,,,,,,,,,,,,
google analytics reporting for marketing agencies,analytics_reporting,generated,google analytics reporting,13,,,,,,,,,,,,,,,
google analytics reporting for agencies,analytics_reporting,generated,google analytics reporting,11,,,,,,,,,,,,,,,
google analytics reporting platform,analytics_reporting,generated,google analytics reporting,11,,,,,,,,,,,,,,,
google analytics reporting reports,analytics_reporting,generated,google analytics reporting,11,,,,,,,,,,,,,,,
google analytics reporting for digital agencies,analytics_reporting,generated,google analytics reporting,10,,,,,,,,,,,,,,,
google analytics reporting for small agencies,analytics_reporting,generated,google analytics reporting,10,,,,,,,,,,,,,,,
client reporting tool,client_reporting,generated,client reporting,16,170,,1,LOW,7.77,28.37,,,,186.7,0.0,,,,
client reporting software,client_reporting,seed,self,16,110,,4,LOW,16.7,47.03,,,,71.4,0.0,,,,
client reporting template,client_reporting,generated,client reporting,14,110,,2,LOW,4.97,14.04,,,,31.6,0.0,,,,
client reporting for marketing agencies,client_reporting,generated,client reporting,17,20,,0,LOW,,,,,,100.0,-25.0,,,,
asset management client reporting software,client_reporting,dataforseo_suggestion,client reporting software,16,10,,0,LOW,,,,,,0.0,-50.0,,,,
client reporting software asset management,client_reporting,dataforseo_suggestion,client reporting software,16,10,,,,,,,,,-50.0,,,,,
client reporting platform,client_reporting,generated,client reporting,14,10,,0,LOW,,,,,,200.0,0.0,,,,
agency reporting for clients,client_reporting,generated,agency reporting,18,,,,,,,,,,,,,,,
client reporting automation,client_reporting,generated,client reporting,17,,,,,,,,,,,,,,,
digital marketing reporting for clients,client_reporting,generated,digital marketing reporting,17,,,,,,,,,,,,,,,
marketing reporting for clients,client_reporting,generated,marketing reporting,17,,,,,,,,,,,,,,,
client reporting for agencies,client_reporting,generated,client reporting,14,,,,,,,,,,,,,,,
client reporting for clients,client_reporting,generated,client reporting,14,,,,,,,,,,,,,,,
client reporting for digital agencies,client_reporting,generated,client reporting,14,,,,,,,,,,,,,,,
client reporting for small agencies,client_reporting,generated,client reporting,14,,,,,,,,,,,,,,,
client reporting reports,client_reporting,generated,client reporting,14,,,,,,,,,,,,,,,
agencyanalytics alternative,competitor_alternative,seed,self,13,590,46.88,18,LOW,10.98,40.64,,,,-50.0,-74.0,,,,
alternative to agencyanalytics,competitor_alternative,dataforseo_suggestion,AgencyAnalytics alternative,15,210,75.98,16,LOW,10.92,43.24,,,,-80.0,-94.9,,,,
supermetrics alternative,competitor_alternative,seed,self,9,210,187.25,17,LOW,37.26,184.21,,,,80.0,-18.8,,,,
looker studio alternative,competitor_alternative,seed,self,12,170,20.47,40,MEDIUM,9.52,21.72,,,,-46.0,-21.4,,,,
alternative to supermetrics,competitor_alternative,dataforseo_suggestion,Supermetrics alternative,11,90,,13,LOW,33.65,270.8,,,,40.0,-85.7,,,,
whatagraph alternative,competitor_alternative,seed,self,9,50,69.96,4,LOW,12.08,84.05,,,,171.4,80.0,,,,
dashthis alternative,competitor_alternative,seed,self,9,40,48.08,12,LOW,18.75,39.18,,,,75.0,0.0,,,,
alternative to looker studio,competitor_alternative,dataforseo_suggestion,Looker Studio alternative,12,30,18.08,27,LOW,13.84,29.98,,,,25.0,66.7,,,,
supermetrics free alternative,competitor_alternative,dataforseo_suggestion,Supermetrics alternative,11,30,,20,LOW,4.99,32.57,,,,33.3,-81.8,,,,
swydo alternative,competitor_alternative,seed,self,9,20,,27,LOW,12.89,28.92,,,,100.0,-33.3,,,,
alternative looker studio,competitor_alternative,dataforseo_suggestion,Looker Studio alternative,12,10,,,,,,,,,-100.0,,,,,
looker studio alternative free,competitor_alternative,dataforseo_suggestion,Looker Studio alternative,12,10,43.16,56,MEDIUM,9.55,30.62,,,,0.0,0.0,,,,
looker studio alternative microsoft,competitor_alternative,dataforseo_suggestion,Looker Studio alternative,12,10,,14,LOW,,,,,,0.0,0.0,,,,
looker studio open source alternative,competitor_alternative,dataforseo_suggestion,Looker Studio alternative,12,10,,86,HIGH,,,,,,0.0,0.0,,,,
alternative to swydo,competitor_alternative,dataforseo_suggestion,Swydo alternative,11,10,,0,LOW,,,,,,33.3,100.0,,,,
free alternative to supermetrics,competitor_alternative,dataforseo_suggestion,Supermetrics alternative,11,10,,14,LOW,,,,,,-33.3,-50.0,,,,
free supermetrics alternative,competitor_alternative,dataforseo_suggestion,Supermetrics alternative,11,10,,86,HIGH,,,,,,,0.0,,,,
supermetrics alternative free,competitor_alternative,dataforseo_suggestion,Supermetrics alternative,11,10,,,,,,,,,0.0,,,,,
supermetrics alternative reddit,competitor_alternative,dataforseo_suggestion,Supermetrics alternative,11,10,,86,HIGH,,,,,,0.0,1000.0,,,,
agencyanalytics alternative reporting software,competitor_alternative,generated,agencyanalytics alternative,26,,,,,,,,,,,,,,,
agencyanalytics alternative reporting tool,competitor_alternative,generated,agencyanalytics alternative,26,,,,,,,,,,,,,,,
looker studio alternative reporting software,competitor_alternative,generated,looker studio alternative,23,,,,,,,,,,,,,,,
looker studio alternative reporting tool,competitor_alternative,generated,looker studio alternative,23,,,,,,,,,,,,,,,
dashthis alternative reporting software,competitor_alternative,generated,dashthis alternative,22,,,,,,,,,,,,,,,
dashthis alternative reporting tool,competitor_alternative,generated,dashthis alternative,22,,,,,,,,,,,,,,,
supermetrics alternative reporting software,competitor_alternative,generated,supermetrics alternative,22,,,,,,,,,,,,,,,
supermetrics alternative reporting tool,competitor_alternative,generated,supermetrics alternative,22,,,,,,,,,,,,,,,
swydo alternative reporting software,competitor_alternative,generated,swydo alternative,22,,,,,,,,,,,,,,,
swydo alternative reporting tool,competitor_alternative,generated,swydo alternative,22,,,,,,,,,,,,,,,
whatagraph alternative reporting software,competitor_alternative,generated,whatagraph alternative,22,,,,,,,,,,,,,,,
whatagraph alternative reporting tool,competitor_alternative,generated,whatagraph alternative,22,,,,,,,,,,,,,,,
agencyanalytics alternative dashboard,competitor_alternative,generated,agencyanalytics alternative,19,,,,,,,,,,,,,,,
agencyanalytics alternative reports,competitor_alternative,generated,agencyanalytics alternative,19,,,,,,,,,,,,,,,
agencyanalytics alternative automation,competitor_alternative,generated,agencyanalytics alternative,18,,,,,,,,,,,,,,,
agencyanalytics alternative for clients,competitor_alternative,generated,agencyanalytics alternative,18,,,,,,,,,,,,,,,
agencyanalytics alternative for marketing agencies,competitor_alternative,generated,agencyanalytics alternative,18,,,,,,,,,,,,,,,
2 minute reports alternative reporting software,competitor_alternative,generated,2 minute reports alternative,17,,,,,,,,,,,,,,,
2 minute reports alternative reporting tool,competitor_alternative,generated,2 minute reports alternative,17,,,,,,,,,,,,,,,
agencyanalytics alternative software,competitor_alternative,generated,agencyanalytics alternative,17,,,,,,,,,,,,,,,
agencyanalytics alternative tool,competitor_alternative,generated,agencyanalytics alternative,17,,,,,,,,,,,,,,,
looker studio alternative dashboard,competitor_alternative,generated,looker studio alternative,16,,,,,,,,,,,,,,,
looker studio alternative reports,competitor_alternative,generated,looker studio alternative,16,,,,,,,,,,,,,,,
2 minute reports alternative dashboard,competitor_alternative,generated,2 minute reports alternative,15,,,,,,,,,,,,,,,
agencyanalytics alternative for agencies,competitor_alternative,generated,agencyanalytics alternative,15,,,,,,,,,,,,,,,
agencyanalytics alternative for digital agencies,competitor_alternative,generated,agencyanalytics alternative,15,,,,,,,,,,,,,,,
agencyanalytics alternative for small agencies,competitor_alternative,generated,agencyanalytics alternative,15,,,,,,,,,,,,,,,
agencyanalytics alternative platform,competitor_alternative,generated,agencyanalytics alternative,15,,,,,,,,,,,,,,,
agencyanalytics alternative template,competitor_alternative,generated,agencyanalytics alternative,15,,,,,,,,,,,,,,,
dashthis alternative dashboard,competitor_alternative,generated,dashthis alternative,15,,,,,,,,,,,,,,,
dashthis alternative reports,competitor_alternative,generated,dashthis alternative,15,,,,,,,,,,,,,,,
looker studio alternative automation,competitor_alternative,generated,looker studio alternative,15,,,,,,,,,,,,,,,
looker studio alternative for clients,competitor_alternative,generated,looker studio alternative,15,,,,,,,,,,,,,,,
supermetrics alternative dashboard,competitor_alternative,generated,supermetrics alternative,15,,,,,,,,,,,,,,,
supermetrics alternative reports,competitor_alternative,generated,supermetrics alternative,15,,,,,,,,,,,,,,,
swydo alternative dashboard,competitor_alternative,generated,swydo alternative,15,,,,,,,,,,,,,,,
swydo alternative reports,competitor_alternative,generated,swydo alternative,15,,,,,,,,,,,,,,,
whatagraph alternative dashboard,competitor_alternative,generated,whatagraph alternative,15,,,,,,,,,,,,,,,
whatagraph alternative reports,competitor_alternative,generated,whatagraph alternative,15,,,,,,,,,,,,,,,
2 minute reports alternative automation,competitor_alternative,generated,2 minute reports alternative,14,,,,,,,,,,,,,,,
dashthis alternative automation,competitor_alternative,generated,dashthis alternative,14,,,,,,,,,,,,,,,
dashthis alternative for clients,competitor_alternative,generated,dashthis alternative,14,,,,,,,,,,,,,,,
dashthis alternative for marketing agencies,competitor_alternative,generated,dashthis alternative,14,,,,,,,,,,,,,,,
looker studio alternative for marketing agencies,competitor_alternative,generated,looker studio alternative,14,,,,,,,,,,,,,,,
looker studio alternative software,competitor_alternative,generated,looker studio alternative,14,,,,,,,,,,,,,,,
looker studio alternative tool,competitor_alternative,generated,looker studio alternative,14,,,,,,,,,,,,,,,
supermetrics alternative automation,competitor_alternative,generated,supermetrics alternative,14,,,,,,,,,,,,,,,
supermetrics alternative for clients,competitor_alternative,generated,supermetrics alternative,14,,,,,,,,,,,,,,,
supermetrics alternative for marketing agencies,competitor_alternative,generated,supermetrics alternative,14,,,,,,,,,,,,,,,
swydo alternative automation,competitor_alternative,generated,swydo alternative,14,,,,,,,,,,,,,,,
swydo alternative for clients,competitor_alternative,generated,swydo alternative,14,,,,,,,,,,,,,,,
swydo alternative for marketing agencies,competitor_alternative,generated,swydo alternative,14,,,,,,,,,,,,,,,
whatagraph alternative automation,competitor_alternative,generated,whatagraph alternative,14,,,,,,,,,,,,,,,
whatagraph alternative for clients,competitor_alternative,generated,whatagraph alternative,14,,,,,,,,,,,,,,,
whatagraph alternative for marketing agencies,competitor_alternative,generated,whatagraph alternative,14,,,,,,,,,,,,,,,
2 minute reports alternative for clients,competitor_alternative,generated,2 minute reports alternative,13,,,,,,,,,,,,,,,
2 minute reports alternative for marketing agencies,competitor_alternative,generated,2 minute reports alternative,13,,,,,,,,,,,,,,,
2 minute reports alternative software,competitor_alternative,generated,2 minute reports alternative,13,,,,,,,,,,,,,,,
2 minute reports alternative tool,competitor_alternative,generated,2 minute reports alternative,13,,,,,,,,,,,,,,,
dashthis alternative software,competitor_alternative,generated,dashthis alternative,13,,,,,,,,,,,,,,,
dashthis alternative tool,competitor_alternative,generated,dashthis alternative,13,,,,,,,,,,,,,,,
supermetrics alternative software,competitor_alternative,generated,supermetrics alternative,13,,,,,,,,,,,,,,,
supermetrics alternative tool,competitor_alternative,generated,supermetrics alternative,13,,,,,,,,,,,,,,,
swydo alternative software,competitor_alternative,generated,swydo alternative,13,,,,,,,,,,,,,,,
swydo alternative tool,competitor_alternative,generated,swydo alternative,13,,,,,,,,,,,,,,,
whatagraph alternative software,competitor_alternative,generated,whatagraph alternative,13,,,,,,,,,,,,,,,
whatagraph alternative tool,competitor_alternative,generated,whatagraph alternative,13,,,,,,,,,,,,,,,
looker studio alternative for agencies,competitor_alternative,generated,looker studio alternative,12,,,,,,,,,,,,,,,
looker studio alternative platform,competitor_alternative,generated,looker studio alternative,12,,,,,,,,,,,,,,,
looker studio alternative template,competitor_alternative,generated,looker studio alternative,12,,,,,,,,,,,,,,,
2 minute reports alternative platform,competitor_alternative,generated,2 minute reports alternative,11,,,,,,,,,,,,,,,
2 minute reports alternative reports,competitor_alternative,generated,2 minute reports alternative,11,,,,,,,,,,,,,,,
2 minute reports alternative template,competitor_alternative,generated,2 minute reports alternative,11,,,,,,,,,,,,,,,
2-minute reports alternative,competitor_alternative,seed,self,11,,,,,,,,,,,,,,,
dashthis alternative for agencies,competitor_alternative,generated,dashthis alternative,11,,,,,,,,,,,,,,,
dashthis alternative for digital agencies,competitor_alternative,generated,dashthis alternative,11,,,,,,,,,,,,,,,
dashthis alternative for small agencies,competitor_alternative,generated,dashthis alternative,11,,,,,,,,,,,,,,,
dashthis alternative platform,competitor_alternative,generated,dashthis alternative,11,,,,,,,,,,,,,,,
dashthis alternative template,competitor_alternative,generated,dashthis alternative,11,,,,,,,,,,,,,,,
looker studio alternative for digital agencies,competitor_alternative,generated,looker studio alternative,11,,,,,,,,,,,,,,,
looker studio alternative for small agencies,competitor_alternative,generated,looker studio alternative,11,,,,,,,,,,,,,,,
supermetrics alternative for agencies,competitor_alternative,generated,supermetrics alternative,11,,,,,,,,,,,,,,,
supermetrics alternative for digital agencies,competitor_alternative,generated,supermetrics alternative,11,,,,,,,,,,,,,,,
supermetrics alternative for small agencies,competitor_alternative,generated,supermetrics alternative,11,,,,,,,,,,,,,,,
supermetrics alternative platform,competitor_alternative,generated,supermetrics alternative,11,,,,,,,,,,,,,,,
supermetrics alternative template,competitor_alternative,generated,supermetrics alternative,11,,,,,,,,,,,,,,,
swydo alternative for agencies,competitor_alternative,generated,swydo alternative,11,,,,,,,,,,,,,,,
swydo alternative for digital agencies,competitor_alternative,generated,swydo alternative,11,,,,,,,,,,,,,,,
swydo alternative for small agencies,competitor_alternative,generated,swydo alternative,11,,,,,,,,,,,,,,,
swydo alternative platform,competitor_alternative,generated,swydo alternative,11,,,,,,,,,,,,,,,
swydo alternative template,competitor_alternative,generated,swydo alternative,11,,,,,,,,,,,,,,,
whatagraph alternative for agencies,competitor_alternative,generated,whatagraph alternative,11,,,,,,,,,,,,,,,
whatagraph alternative for digital agencies,competitor_alternative,generated,whatagraph alternative,11,,,,,,,,,,,,,,,
whatagraph alternative for small agencies,competitor_alternative,generated,whatagraph alternative,11,,,,,,,,,,,,,,,
whatagraph alternative platform,competitor_alternative,generated,whatagraph alternative,11,,,,,,,,,,,,,,,
whatagraph alternative template,competitor_alternative,generated,whatagraph alternative,11,,,,,,,,,,,,,,,
2 minute reports alternative for agencies,competitor_alternative,generated,2 minute reports alternative,10,,,,,,,,,,,,,,,
2 minute reports alternative for digital agencies,competitor_alternative,generated,2 minute reports alternative,10,,,,,,,,,,,,,,,
2 minute reports alternative for small agencies,competitor_alternative,generated,2 minute reports alternative,10,,,,,,,,,,,,,,,
google sheets reporting automation dashboard,connector_automation,generated,google sheets reporting automation,18,,,,,,,,,,,,,,,
google sheets reporting automation for clients,connector_automation,generated,google sheets reporting automation,16,,,,,,,,,,,,,,,
google sheets reporting automation for marketing agencies,connector_automation,generated,google sheets reporting automation,16,,,,,,,,,,,,,,,
google sheets reporting automation software,connector_automation,generated,google sheets reporting automation,16,,,,,,,,,,,,,,,
google sheets reporting automation tool,connector_automation,generated,google sheets reporting automation,16,,,,,,,,,,,,,,,
google sheets reporting automation reporting software,connector_automation,generated,google sheets reporting automation,15,,,,,,,,,,,,,,,
google sheets reporting automation reporting tool,connector_automation,generated,google sheets reporting automation,15,,,,,,,,,,,,,,,
google sheets reporting automation,connector_automation,seed,self,14,,,,,,,,,,,,,,,
google sheets reporting automation platform,connector_automation,generated,google sheets reporting automation,14,,,,,,,,,,,,,,,
google sheets reporting automation reports,connector_automation,generated,google sheets reporting automation,14,,,,,,,,,,,,,,,
google sheets reporting automation template,connector_automation,generated,google sheets reporting automation,14,,,,,,,,,,,,,,,
google sheets reporting automation for agencies,connector_automation,generated,google sheets reporting automation,13,,,,,,,,,,,,,,,
google sheets reporting automation for digital agencies,connector_automation,generated,google sheets reporting automation,13,,,,,,,,,,,,,,,
google sheets reporting automation for small agencies,connector_automation,generated,google sheets reporting automation,13,,,,,,,,,,,,,,,
marketing dashboard software,dashboard_software,seed,self,11,260,66.27,7,LOW,20.31,52.95,,,,-21.3,-46.2,,,,
digital marketing reporting dashboard,dashboard_software,generated,digital marketing reporting,18,170,,2,LOW,34.71,98.12,,,,363.6,-18.8,,,,
marketing reporting dashboard,dashboard_software,generated,marketing reporting,18,170,,3,LOW,21.15,72.72,,,,269.2,0.0,,,,
client reporting dashboard,dashboard_software,generated,client reporting,18,40,,0,LOW,,,,,,333.3,40.0,,,,
agency reporting dashboard,dashboard_software,generated,agency reporting,19,10,71.38,12,LOW,21.1,49.55,,,,33.3,100.0,,,,
best marketing dashboard software,dashboard_software,dataforseo_suggestion,marketing dashboard software,11,10,58.27,3,LOW,,,,,,133.3,300.0,,,,
marketing dashboard software free,dashboard_software,dataforseo_suggestion,marketing dashboard software,11,0,,,,,,,,,,,,,,
agency dashboard software,dashboard_software,seed,self,12,,,,,,,,,,,,,,,
software reporting tool,marketing_reporting,dataforseo_idea,SEO reporting software|PPC reporting software|social media reporting software,15,260,,7,LOW,10.04,26.23,,,,-7.7,-55.9,,,,
marketing reporting software,marketing_reporting,seed,self,16,210,24.03,2,LOW,26.93,71.28,,,,153.3,-33.3,,,,
marketing reporting tool,marketing_reporting,generated,marketing reporting,16,210,,2,LOW,8.82,82.46,,,,156.0,0.0,,,,
marketing reporting template,marketing_reporting,generated,marketing reporting,14,210,,2,LOW,5.47,16.78,,,,170.6,-17.9,,,,
report generator software,marketing_reporting,dataforseo_idea,SEO reporting software|PPC reporting software|social media reporting software,8,170,21.55,16,LOW,7.38,26.8,,,,48.3,-19.2,,,,
digital marketing reporting tool,marketing_reporting,generated,digital marketing reporting,16,140,20.09,1,LOW,,,,,,230.0,-34.4,,,,
automated marketing reports,marketing_reporting,seed,self,9,90,30.03,1,LOW,17.55,42.82,,,,350.0,50.0,,,,
marketing reporting automation,marketing_reporting,generated,marketing reporting,17,70,70.13,5,LOW,14.72,50.75,,,,166.7,27.3,,,,
online marketing reporting software,marketing_reporting,dataforseo_suggestion,marketing reporting software,16,70,,0,LOW,,,,,,-29.4,-64.3,,,,
digital marketing reporting template,marketing_reporting,generated,digital marketing reporting,14,70,,6,LOW,4.33,7.12,,,,120.0,-50.0,,,,
digital marketing reporting software,marketing_reporting,generated,digital marketing reporting,16,40,44.71,4,LOW,,,,,,80.0,-28.6,,,,
marketing reporting platform,marketing_reporting,generated,marketing reporting,14,40,,4,LOW,26.79,161.53,,,,250.0,28.6,,,,
marketing campaign reporting software,marketing_reporting,dataforseo_suggestion,marketing reporting software,18,10,,,,,,,,,-100.0,,,,,
digital marketing reporting automation,marketing_reporting,generated,digital marketing reporting,17,10,,,,,,,,,-100.0,,,,,
affiliate reporting software,marketing_reporting,dataforseo_idea,Google Ads reporting tool|Facebook Ads reporting tool|GA4 reporting tool,13,10,,36,MEDIUM,,,,,,0.0,0.0,,,,
digital marketing reporting for agencies,marketing_reporting,generated,digital marketing reporting,14,,,,,,,,,,,,,,,
digital marketing reporting platform,marketing_reporting,generated,digital marketing reporting,14,,,,,,,,,,,,,,,
digital marketing reporting reports,marketing_reporting,generated,digital marketing reporting,14,,,,,,,,,,,,,,,
marketing reporting for agencies,marketing_reporting,generated,marketing reporting,14,,,,,,,,,,,,,,,
marketing reporting for digital agencies,marketing_reporting,generated,marketing reporting,14,,,,,,,,,,,,,,,
marketing reporting for marketing agencies,marketing_reporting,generated,marketing reporting,14,,,,,,,,,,,,,,,
marketing reporting for small agencies,marketing_reporting,generated,marketing reporting,14,,,,,,,,,,,,,,,
marketing reporting reports,marketing_reporting,generated,marketing reporting,14,,,,,,,,,,,,,,,
ads reporting software,marketing_reporting,dataforseo_idea,Google Ads reporting tool|Facebook Ads reporting tool|GA4 reporting tool,13,,,,,,,,,,,,,,,
digital marketing reporting for digital agencies,marketing_reporting,generated,digital marketing reporting,13,,,,,,,,,,,,,,,
digital marketing reporting for marketing agencies,marketing_reporting,generated,digital marketing reporting,13,,,,,,,,,,,,,,,
digital marketing reporting for small agencies,marketing_reporting,generated,digital marketing reporting,13,,,,,,,,,,,,,,,
simple affiliate tracking software report,marketing_reporting,dataforseo_idea,Google Ads reporting tool|Facebook Ads reporting tool|GA4 reporting tool,8,,,,,,,,,,,,,,,
ppc reporting template,paid_ads_reporting,generated,ppc reporting,14,320,13.19,1,LOW,3.98,15,,,,91.3,-55.6,,,,
ppc reporting tool,paid_ads_reporting,generated,ppc reporting,16,260,102.68,3,LOW,20.49,130.15,,,,100.0,-55.9,,,,
ppc management software,paid_ads_reporting,dataforseo_idea,SEO reporting software|PPC reporting software|social media reporting software,7,260,42.86,4,LOW,11.84,43.49,,,,52.0,-55.9,,,,
facebook ads reporting tool,paid_ads_reporting,seed,self,17,210,54.46,1,LOW,19.93,45.34,,,,142.9,-46.2,,,,
google ads reporting tool,paid_ads_reporting,seed,self,17,210,17.9,6,LOW,9.38,35.15,,,,15.8,-34.4,,,,
facebook ads reporting template,paid_ads_reporting,generated,facebook ads reporting,15,170,,1,LOW,,,,,,230.0,-18.8,,,,
google ads reporting template,paid_ads_reporting,generated,google ads reporting,15,170,10.29,7,LOW,4.38,11.71,,,,58.8,-46.9,,,,
ppc reporting software,paid_ads_reporting,seed,self,16,140,,0,LOW,,,,,,266.7,-34.6,,,,
ppc reporting platform,paid_ads_reporting,generated,ppc reporting,14,90,,0,LOW,,,,,,240.0,-57.1,,,,
facebook ads reporting software,paid_ads_reporting,generated,facebook ads reporting,17,70,,0,LOW,,,,,,150.0,-76.2,,,,
ppc reporting for clients,paid_ads_reporting,generated,ppc reporting,17,50,,0,LOW,,,,,,166.7,-70.6,,,,
google ads reporting software,paid_ads_reporting,generated,google ads reporting,17,30,,9,LOW,17.67,34.6,,,,33.3,-71.4,,,,
facebook ads reporting dashboard,paid_ads_reporting,generated,facebook ads reporting,19,20,,0,LOW,,,,,,133.3,66.7,,,,
google ads reporting dashboard,paid_ads_reporting,generated,google ads reporting,19,20,,4,LOW,,,,,,33.3,0.0,,,,
best facebook ads reporting tool,paid_ads_reporting,dataforseo_suggestion,Facebook Ads reporting tool,17,20,,0,LOW,,,,,,0.0,-75.0,,,,
free facebook ads reporting tool,paid_ads_reporting,dataforseo_suggestion,Facebook Ads reporting tool,17,20,,0,LOW,,,,,,33.3,-50.0,,,,
facebook ads reporting platform,paid_ads_reporting,generated,facebook ads reporting,15,20,,0,LOW,,,,,,100.0,33.3,,,,
meta ads reporting template,paid_ads_reporting,generated,meta ads reporting,11,20,21.46,22,LOW,3.17,8.67,,,,33.3,-60.0,,,,
ppc reporting dashboard,paid_ads_reporting,generated,ppc reporting,18,10,21.05,2,LOW,,,,,,250.0,400.0,,,,
best google ads reporting tool,paid_ads_reporting,dataforseo_suggestion,Google Ads reporting tool,17,10,,86,HIGH,,,,,,0.0,0.0,,,,
google ads reporting platform,paid_ads_reporting,generated,google ads reporting,15,10,,0,LOW,,,,,,200.0,-50.0,,,,
meta ads reporting dashboard,paid_ads_reporting,generated,meta ads reporting,15,10,12.57,24,LOW,,,,,,0.0,1000.0,,,,
meta ads reporting tool,paid_ads_reporting,generated,meta ads reporting,13,10,42.88,35,MEDIUM,22.24,52.99,,,,66.7,100.0,,,,
ppc reporting for agencies,paid_ads_reporting,generated,ppc reporting,14,0,,,,,,,,,,,,,,
facebook ads reporting automation,paid_ads_reporting,generated,facebook ads reporting,18,,,,,,,,,,,,,,,
facebook ads reporting for clients,paid_ads_reporting,generated,facebook ads reporting,18,,,,,,,,,,,,,,,
google ads reporting automation,paid_ads_reporting,generated,google ads reporting,18,,,,,,,,,,,,,,,
google ads reporting for clients,paid_ads_reporting,generated,google ads reporting,18,,,,,,,,,,,,,,,
facebook ads reporting for marketing agencies,paid_ads_reporting,generated,facebook ads reporting,17,,,,,,,,,,,,,,,
google ads reporting for marketing agencies,paid_ads_reporting,generated,google ads reporting,17,,,,,,,,,,,,,,,
paid ads reporting dashboard,paid_ads_reporting,generated,paid ads reporting,17,,,,,,,,,,,,,,,
ppc reporting automation,paid_ads_reporting,generated,ppc reporting,17,,,,,,,,,,,,,,,
ppc reporting for marketing agencies,paid_ads_reporting,generated,ppc reporting,17,,,,,,,,,,,,,,,
paid ads reporting automation,paid_ads_reporting,generated,paid ads reporting,16,,,,,,,,,,,,,,,
paid ads reporting for clients,paid_ads_reporting,generated,paid ads reporting,16,,,,,,,,,,,,,,,
facebook ads reporting for agencies,paid_ads_reporting,generated,facebook ads reporting,15,,,,,,,,,,,,,,,
facebook ads reporting reports,paid_ads_reporting,generated,facebook ads reporting,15,,,,,,,,,,,,,,,
google ads reporting for agencies,paid_ads_reporting,generated,google ads reporting,15,,,,,,,,,,,,,,,
google ads reporting reports,paid_ads_reporting,generated,google ads reporting,15,,,,,,,,,,,,,,,
paid ads reporting for marketing agencies,paid_ads_reporting,generated,paid ads reporting,15,,,,,,,,,,,,,,,
paid ads reporting software,paid_ads_reporting,generated,paid ads reporting,15,,,,,,,,,,,,,,,
paid ads reporting tool,paid_ads_reporting,generated,paid ads reporting,15,,,,,,,,,,,,,,,
facebook ads reporting for digital agencies,paid_ads_reporting,generated,facebook ads reporting,14,,,,,,,,,,,,,,,
facebook ads reporting for small agencies,paid_ads_reporting,generated,facebook ads reporting,14,,,,,,,,,,,,,,,
google ads reporting for digital agencies,paid_ads_reporting,generated,google ads reporting,14,,,,,,,,,,,,,,,
google ads reporting for small agencies,paid_ads_reporting,generated,google ads reporting,14,,,,,,,,,,,,,,,
meta ads reporting automation,paid_ads_reporting,generated,meta ads reporting,14,,,,,,,,,,,,,,,
meta ads reporting for clients,paid_ads_reporting,generated,meta ads reporting,14,,,,,,,,,,,,,,,
ppc reporting for digital agencies,paid_ads_reporting,generated,ppc reporting,14,,,,,,,,,,,,,,,
ppc reporting for small agencies,paid_ads_reporting,generated,ppc reporting,14,,,,,,,,,,,,,,,
ppc reporting reports,paid_ads_reporting,generated,ppc reporting,14,,,,,,,,,,,,,,,
meta ads reporting for marketing agencies,paid_ads_reporting,generated,meta ads reporting,13,,,,,,,,,,,,,,,
meta ads reporting software,paid_ads_reporting,generated,meta ads reporting,13,,,,,,,,,,,,,,,
paid ads reporting for agencies,paid_ads_reporting,generated,paid ads reporting,13,,,,,,,,,,,,,,,
paid ads reporting platform,paid_ads_reporting,generated,paid ads reporting,13,,,,,,,,,,,,,,,
paid ads reporting reports,paid_ads_reporting,generated,paid ads reporting,13,,,,,,,,,,,,,,,
paid ads reporting template,paid_ads_reporting,generated,paid ads reporting,13,,,,,,,,,,,,,,,
paid ads reporting for digital agencies,paid_ads_reporting,generated,paid ads reporting,12,,,,,,,,,,,,,,,
paid ads reporting for small agencies,paid_ads_reporting,generated,paid ads reporting,12,,,,,,,,,,,,,,,
meta ads reporting for agencies,paid_ads_reporting,generated,meta ads reporting,11,,,,,,,,,,,,,,,
meta ads reporting platform,paid_ads_reporting,generated,meta ads reporting,11,,,,,,,,,,,,,,,
meta ads reporting reports,paid_ads_reporting,generated,meta ads reporting,11,,,,,,,,,,,,,,,
meta ads reporting for digital agencies,paid_ads_reporting,generated,meta ads reporting,10,,,,,,,,,,,,,,,
meta ads reporting for small agencies,paid_ads_reporting,generated,meta ads reporting,10,,,,,,,,,,,,,,,
seo reporting for clients,seo_reporting,generated,seo reporting,17,1300,,0,LOW,7.5,25.38,,,,24.0,-83.6,,,,
seo reporting template,seo_reporting,generated,seo reporting,14,1000,9.37,3,LOW,3.75,12.27,,,,100.0,-75.2,,,,
seo reporting tool,seo_reporting,generated,seo reporting,16,720,,1,LOW,15,28.14,,,,53.4,-68.9,,,,
seo reporting dashboard,seo_reporting,generated,seo reporting,18,590,28.72,1,LOW,8.7,33.08,,,,196.0,-75.6,,,,
seo reporting software,seo_reporting,seed,self,16,590,42.72,1,LOW,15.96,36.43,,,,35.7,-74.7,,,,
best seo reporting software,seo_reporting,dataforseo_suggestion,SEO reporting software,16,480,,1,LOW,10.44,23.17,,,,820.0,-89.2,,,,
seo agency reporting software,seo_reporting,dataforseo_suggestion,agency reporting software,20,260,60.22,1,LOW,,,,,,-52.0,-77.1,,,,
seo reporting software for clients,seo_reporting,dataforseo_suggestion,SEO reporting software,19,210,,0,LOW,,,,,,138.5,-76.3,,,,
seo reporting software free,seo_reporting,dataforseo_suggestion,SEO reporting software,16,210,,0,LOW,,,,,,-73.7,-89.6,,,,
seo reporting platform,seo_reporting,generated,seo reporting,14,210,,0,LOW,,,,,,-49.0,-73.1,,,,
seo reporting for agencies,seo_reporting,generated,seo reporting,14,140,58.18,2,LOW,6.3,34.83,,,,-5.3,-65.6,,,,
free seo reporting software,seo_reporting,dataforseo_suggestion,SEO reporting software,16,110,,0,LOW,,,,,,-66.7,-90.5,,,,
seo verification tool,seo_reporting,dataforseo_idea,Google Ads reporting tool|Facebook Ads reporting tool|GA4 reporting tool,7,10,,,,,,,,,-50.0,,,,,
seo reporting automation,seo_reporting,generated,seo reporting,17,,,,,,,,,,,,,,,
seo reporting for marketing agencies,seo_reporting,generated,seo reporting,17,,,,,,,,,,,,,,,
seo reporting for digital agencies,seo_reporting,generated,seo reporting,14,,,,,,,,,,,,,,,
seo reporting for small agencies,seo_reporting,generated,seo reporting,14,,,,,,,,,,,,,,,
seo reporting reports,seo_reporting,generated,seo reporting,14,,,,,,,,,,,,,,,
seo project manager software,seo_reporting,dataforseo_idea,Google Ads reporting tool|Facebook Ads reporting tool|GA4 reporting tool,7,,,,,,,,,,,,,,,
social media reporting template,social_reporting,generated,social media reporting,11,720,12.04,17,LOW,3.61,12,,,,50.0,-32.3,,,,
social media reporting tool,social_reporting,generated,social media reporting,13,590,76.97,4,LOW,20.07,76.37,,,,152.4,-44.6,,,,
social media reporting software,social_reporting,seed,self,13,170,72.46,4,LOW,22.99,57.32,,,,52.9,-56.4,,,,
social media reporting dashboard,social_reporting,generated,social media reporting,15,90,91.86,2,LOW,,,,,,183.3,-35.3,,,,
social media reporting for agencies,social_reporting,generated,social media reporting,11,20,,4,LOW,,,,,,0.0,-80.0,,,,
social media reporting platform,social_reporting,generated,social media reporting,11,20,,16,LOW,33.99,131,,,,66.7,-71.4,,,,
best social media reporting software,social_reporting,dataforseo_suggestion,social media reporting software,13,10,,,,,,,,,0.0,,,,,
software is commonly used for social media analytics and reporting,social_reporting,dataforseo_suggestion,social media reporting software,12,0,,,,,,,,,,,,,,
social media reporting automation,social_reporting,generated,social media reporting,14,,,,,,,,,,,,,,,
social media reporting for clients,social_reporting,generated,social media reporting,14,,,,,,,,,,,,,,,
social media reporting for marketing agencies,social_reporting,generated,social media reporting,13,,,,,,,,,,,,,,,
social media reporting reports,social_reporting,generated,social media reporting,11,,,,,,,,,,,,,,,
social media reporting for digital agencies,social_reporting,generated,social media reporting,10,,,,,,,,,,,,,,,
social media reporting for small agencies,social_reporting,generated,social media reporting,10,,,,,,,,,,,,,,,
white label seo audit tool,white_label_reporting,dataforseo_idea,Google Ads reporting tool|Facebook Ads reporting tool|GA4 reporting tool,12,480,25.8,4,LOW,12.05,29.7,,,,-14.5,-79.0,,,,
white label dashboard,white_label_reporting,generated,white label dashboard,11,90,49.81,8,LOW,11.6,54.01,,,,60.0,-57.1,,,,
white label reporting tool,white_label_reporting,generated,white label reporting,18,50,,9,LOW,10.33,33.46,,,,50.0,-55.6,,,,
white label dashboard software,white_label_reporting,generated,white label dashboard,13,30,,3,LOW,,,,,,233.3,0.0,,,,
white label reporting software,white_label_reporting,seed,self,18,20,,0,LOW,,,,,,50.0,50.0,,,,
white label reporting dashboard,white_label_reporting,generated,white label reporting,20,10,,0,LOW,,,,,,150.0,200.0,,,,
white label dashboard platform,white_label_reporting,generated,white label dashboard,11,10,,0,LOW,,,,,,50.0,-50.0,,,,
white label dashboard reporting software,white_label_reporting,generated,white label dashboard,22,,,,,,,,,,,,,,,
white label dashboard reporting tool,white_label_reporting,generated,white label dashboard,22,,,,,,,,,,,,,,,
white label reporting automation,white_label_reporting,generated,white label reporting,19,,,,,,,,,,,,,,,
white label reporting for clients,white_label_reporting,generated,white label reporting,19,,,,,,,,,,,,,,,
white label reporting for marketing agencies,white_label_reporting,generated,white label reporting,18,,,,,,,,,,,,,,,
white label reporting for agencies,white_label_reporting,generated,white label reporting,16,,,,,,,,,,,,,,,
white label reporting platform,white_label_reporting,generated,white label reporting,16,,,,,,,,,,,,,,,
white label reporting reports,white_label_reporting,generated,white label reporting,16,,,,,,,,,,,,,,,
white label reporting template,white_label_reporting,generated,white label reporting,16,,,,,,,,,,,,,,,
white label dashboard reports,white_label_reporting,generated,white label dashboard,15,,,,,,,,,,,,,,,
white label reporting for digital agencies,white_label_reporting,generated,white label reporting,15,,,,,,,,,,,,,,,
white label reporting for small agencies,white_label_reporting,generated,white label reporting,15,,,,,,,,,,,,,,,
white label dashboard automation,white_label_reporting,generated,white label dashboard,14,,,,,,,,,,,,,,,
white label dashboard for clients,white_label_reporting,generated,white label dashboard,14,,,,,,,,,,,,,,,
white label dashboard for marketing agencies,white_label_reporting,generated,white label dashboard,13,,,,,,,,,,,,,,,
white label dashboard tool,white_label_reporting,generated,white label dashboard,13,,,,,,,,,,,,,,,
white label dashboard for agencies,white_label_reporting,generated,white label dashboard,11,,,,,,,,,,,,,,,
white label dashboard template,white_label_reporting,generated,white label dashboard,11,,,,,,,,,,,,,,,
white label dashboard for digital agencies,white_label_reporting,generated,white label dashboard,10,,,,,,,,,,,,,,,
white label dashboard for small agencies,white_label_reporting,generated,white label dashboard,10,,,,,,,,,,,,,,,
