keyword,cluster,search_volume,cpc,competition,competition_level,low_top_of_page_bid,high_top_of_page_bid,monthly_trend_pct,quarterly_trend_pct,yearly_trend_pct,recent_3mo_vs_prior_3mo_pct,latest_month_yoy_pct,keyword_difficulty,main_intent,monthly_searches_json,last_updated_time
agency reporting software,agency_reporting,70,33.88,3,LOW,29.01,509.37,,,,183.3,-47.6,,,"[{""year"":2026,""month"":3,""search_volume"":110},{""year"":2026,""month"":2,""search_volume"":30},{""year"":2026,""month"":1,""search_volume"":30},{""year"":2025,""month"":12,""search_volume"":30},{""year"":2025,""month"":11,""search_volume"":20},{""year"":2025,""month"":10,""search_volume"":10},{""year"":2025,""month"":9,""search_volume"":30},{""year"":2025,""month"":8,""search_volume"":70},{""year"":2025,""month"":7,""search_volume"":70},{""year"":2025,""month"":6,""search_volume"":140},{""year"":2025,""month"":5,""search_volume"":210},{""year"":2025,""month"":4,""search_volume"":210}]",
agency reporting tool,agency_reporting,70,,1,LOW,,,,,,450.0,55.6,,,"[{""year"":2026,""month"":3,""search_volume"":140},{""year"":2026,""month"":2,""search_volume"":30},{""year"":2026,""month"":1,""search_volume"":50},{""year"":2025,""month"":12,""search_volume"":10},{""year"":2025,""month"":11,""search_volume"":10},{""year"":2025,""month"":10,""search_volume"":20},{""year"":2025,""month"":9,""search_volume"":110},{""year"":2025,""month"":8,""search_volume"":40},{""year"":2025,""month"":7,""search_volume"":40},{""year"":2025,""month"":6,""search_volume"":90},{""year"":2025,""month"":5,""search_volume"":140},{""year"":2025,""month"":4,""search_volume"":90}]",
marketing agency reporting software,agency_reporting,50,75.13,4,LOW,,,,,,275.0,22.2,,,"[{""year"":2026,""month"":3,""search_volume"":110},{""year"":2026,""month"":2,""search_volume"":20},{""year"":2026,""month"":1,""search_volume"":20},{""year"":2025,""month"":12,""search_volume"":20},{""year"":2025,""month"":11,""search_volume"":10},{""year"":2025,""month"":10,""search_volume"":10},{""year"":2025,""month"":9,""search_volume"":20},{""year"":2025,""month"":8,""search_volume"":40},{""year"":2025,""month"":7,""search_volume"":40},{""year"":2025,""month"":6,""search_volume"":70},{""year"":2025,""month"":5,""search_volume"":110},{""year"":2025,""month"":4,""search_volume"":90}]",
digital agency reporting software,agency_reporting,10,,0,LOW,,,,,,50.0,0.0,,,"[{""year"":2026,""month"":3,""search_volume"":10},{""year"":2026,""month"":2,""search_volume"":10},{""year"":2026,""month"":1,""search_volume"":10},{""year"":2025,""month"":12,""search_volume"":10},{""year"":2025,""month"":11,""search_volume"":10},{""year"":2025,""month"":10,""search_volume"":0},{""year"":2025,""month"":9,""search_volume"":10},{""year"":2025,""month"":8,""search_volume"":10},{""year"":2025,""month"":7,""search_volume"":0},{""year"":2025,""month"":6,""search_volume"":10},{""year"":2025,""month"":5,""search_volume"":10},{""year"":2025,""month"":4,""search_volume"":10}]",
agency reporting automation,agency_reporting,,,,,,,,,,,,,,[],
agency reporting for marketing agencies,agency_reporting,,,,,,,,,,,,,,[],
agency reporting for agencies,agency_reporting,,,,,,,,,,,,,,[],
agency reporting for digital agencies,agency_reporting,,,,,,,,,,,,,,[],
agency reporting for small agencies,agency_reporting,,,,,,,,,,,,,,[],
agency reporting platform,agency_reporting,,,,,,,,,,,,,,[],
agency reporting reports,agency_reporting,,,,,,,,,,,,,,[],
agency reporting template,agency_reporting,,,,,,,,,,,,,,[],
ai reporting tools,ai_reporting,170,29.06,31,LOW,6.87,23.9,,,,196.3,50.0,,,"[{""year"":2026,""month"":3,""search_volume"":210},{""year"":2026,""month"":2,""search_volume"":480},{""year"":2026,""month"":1,""search_volume"":110},{""year"":2025,""month"":12,""search_volume"":90},{""year"":2025,""month"":11,""search_volume"":70},{""year"":2025,""month"":10,""search_volume"":110},{""year"":2025,""month"":9,""search_volume"":140},{""year"":2025,""month"":8,""search_volume"":110},{""year"":2025,""month"":7,""search_volume"":110},{""year"":2025,""month"":6,""search_volume"":140},{""year"":2025,""month"":5,""search_volume"":110},{""year"":2025,""month"":4,""search_volume"":140}]",
ai marketing reporting,ai_reporting,20,16.61,32,LOW,8.47,13.71,,,,33.3,-66.7,,,"[{""year"":2026,""month"":3,""search_volume"":10},{""year"":2026,""month"":2,""search_volume"":10},{""year"":2026,""month"":1,""search_volume"":20},{""year"":2025,""month"":12,""search_volume"":10},{""year"":2025,""month"":11,""search_volume"":10},{""year"":2025,""month"":10,""search_volume"":10},{""year"":2025,""month"":9,""search_volume"":40},{""year"":2025,""month"":8,""search_volume"":20},{""year"":2025,""month"":7,""search_volume"":20},{""year"":2025,""month"":6,""search_volume"":40},{""year"":2025,""month"":5,""search_volume"":30},{""year"":2025,""month"":4,""search_volume"":30}]",
ai client reporting dashboard,ai_reporting,,,,,,,,,,,,,,[],
ai marketing reporting dashboard,ai_reporting,,,,,,,,,,,,,,[],
mcp marketing reporting dashboard,ai_reporting,,,,,,,,,,,,,,[],
ai client reporting automation,ai_reporting,,,,,,,,,,,,,,[],
ai marketing reporting automation,ai_reporting,,,,,,,,,,,,,,[],
ai marketing reporting for clients,ai_reporting,,,,,,,,,,,,,,[],
chatgpt marketing reports reporting software,ai_reporting,,,,,,,,,,,,,,[],
chatgpt marketing reports reporting tool,ai_reporting,,,,,,,,,,,,,,[],
mcp marketing reporting automation,ai_reporting,,,,,,,,,,,,,,[],
mcp marketing reporting for clients,ai_reporting,,,,,,,,,,,,,,[],
ai client reporting for marketing agencies,ai_reporting,,,,,,,,,,,,,,[],
ai client reporting software,ai_reporting,,,,,,,,,,,,,,[],
ai client reporting tool,ai_reporting,,,,,,,,,,,,,,[],
ai marketing reporting software,ai_reporting,,,,,,,,,,,,,,[],
ai marketing reporting tool,ai_reporting,,,,,,,,,,,,,,[],
claude marketing analytics reporting software,ai_reporting,,,,,,,,,,,,,,[],
claude marketing analytics reporting tool,ai_reporting,,,,,,,,,,,,,,[],
mcp marketing reporting software,ai_reporting,,,,,,,,,,,,,,[],
mcp marketing reporting tool,ai_reporting,,,,,,,,,,,,,,[],
chatgpt marketing reporting,ai_reporting,,,,,,,,,,,,,,[],
ai client reporting for agencies,ai_reporting,,,,,,,,,,,,,,[],
ai client reporting for clients,ai_reporting,,,,,,,,,,,,,,[],
ai client reporting platform,ai_reporting,,,,,,,,,,,,,,[],
ai client reporting reports,ai_reporting,,,,,,,,,,,,,,[],
ai client reporting template,ai_reporting,,,,,,,,,,,,,,[],
ai marketing reporting for agencies,ai_reporting,,,,,,,,,,,,,,[],
ai marketing reporting platform,ai_reporting,,,,,,,,,,,,,,[],
ai marketing reporting reports,ai_reporting,,,,,,,,,,,,,,[],
ai marketing reporting template,ai_reporting,,,,,,,,,,,,,,[],
chatgpt marketing reports dashboard,ai_reporting,,,,,,,,,,,,,,[],
mcp marketing reporting,ai_reporting,,,,,,,,,,,,,,[],
mcp marketing reporting for agencies,ai_reporting,,,,,,,,,,,,,,[],
mcp marketing reporting platform,ai_reporting,,,,,,,,,,,,,,[],
mcp marketing reporting reports,ai_reporting,,,,,,,,,,,,,,[],
mcp marketing reporting template,ai_reporting,,,,,,,,,,,,,,[],
ai client reporting for digital agencies,ai_reporting,,,,,,,,,,,,,,[],
ai client reporting for small agencies,ai_reporting,,,,,,,,,,,,,,[],
ai marketing reporting for digital agencies,ai_reporting,,,,,,,,,,,,,,[],
ai marketing reporting for marketing agencies,ai_reporting,,,,,,,,,,,,,,[],
ai marketing reporting for small agencies,ai_reporting,,,,,,,,,,,,,,[],
ai report generator reporting software,ai_reporting,,,,,,,,,,,,,,[],
ai report generator reporting tool,ai_reporting,,,,,,,,,,,,,,[],
chatgpt marketing reports automation,ai_reporting,,,,,,,,,,,,,,[],
chatgpt marketing reports for clients,ai_reporting,,,,,,,,,,,,,,[],
mcp marketing reporting for digital agencies,ai_reporting,,,,,,,,,,,,,,[],
mcp marketing reporting for marketing agencies,ai_reporting,,,,,,,,,,,,,,[],
mcp marketing reporting for small agencies,ai_reporting,,,,,,,,,,,,,,[],
chatgpt marketing reports software,ai_reporting,,,,,,,,,,,,,,[],
chatgpt marketing reports tool,ai_reporting,,,,,,,,,,,,,,[],
ai report generator dashboard,ai_reporting,,,,,,,,,,,,,,[],
chatgpt marketing reports,ai_reporting,,,,,,,,,,,,,,[],
chatgpt marketing reports for agencies,ai_reporting,,,,,,,,,,,,,,[],
chatgpt marketing reports platform,ai_reporting,,,,,,,,,,,,,,[],
chatgpt marketing reports template,ai_reporting,,,,,,,,,,,,,,[],
ai report generator automation,ai_reporting,,,,,,,,,,,,,,[],
ai report generator for clients,ai_reporting,,,,,,,,,,,,,,[],
chatgpt marketing reports for digital agencies,ai_reporting,,,,,,,,,,,,,,[],
chatgpt marketing reports for marketing agencies,ai_reporting,,,,,,,,,,,,,,[],
chatgpt marketing reports for small agencies,ai_reporting,,,,,,,,,,,,,,[],
claude marketing analytics dashboard,ai_reporting,,,,,,,,,,,,,,[],
claude marketing analytics reports,ai_reporting,,,,,,,,,,,,,,[],
ai report generator for marketing agencies,ai_reporting,,,,,,,,,,,,,,[],
ai report generator software,ai_reporting,,,,,,,,,,,,,,[],
ai report generator tool,ai_reporting,,,,,,,,,,,,,,[],
claude marketing analytics automation,ai_reporting,,,,,,,,,,,,,,[],
claude marketing analytics for clients,ai_reporting,,,,,,,,,,,,,,[],
claude marketing analytics software,ai_reporting,,,,,,,,,,,,,,[],
claude marketing analytics tool,ai_reporting,,,,,,,,,,,,,,[],
ai report generator for agencies,ai_reporting,,,,,,,,,,,,,,[],
ai report generator platform,ai_reporting,,,,,,,,,,,,,,[],
ai report generator reports,ai_reporting,,,,,,,,,,,,,,[],
ai report generator template,ai_reporting,,,,,,,,,,,,,,[],
ai report generator for digital agencies,ai_reporting,,,,,,,,,,,,,,[],
ai report generator for small agencies,ai_reporting,,,,,,,,,,,,,,[],
claude marketing analytics for agencies,ai_reporting,,,,,,,,,,,,,,[],
claude marketing analytics platform,ai_reporting,,,,,,,,,,,,,,[],
claude marketing analytics template,ai_reporting,,,,,,,,,,,,,,[],
claude marketing data,ai_reporting,,,,,,,,,,,,,,[],
claude marketing analytics for digital agencies,ai_reporting,,,,,,,,,,,,,,[],
claude marketing analytics for marketing agencies,ai_reporting,,,,,,,,,,,,,,[],
claude marketing analytics for small agencies,ai_reporting,,,,,,,,,,,,,,[],
google analytics reporting template,analytics_reporting,210,6.24,6,LOW,2.42,11,,,,24.2,-46.2,,,"[{""year"":2026,""month"":3,""search_volume"":210},{""year"":2026,""month"":2,""search_volume"":90},{""year"":2026,""month"":1,""search_volume"":110},{""year"":2025,""month"":12,""search_volume"":170},{""year"":2025,""month"":11,""search_volume"":70},{""year"":2025,""month"":10,""search_volume"":90},{""year"":2025,""month"":9,""search_volume"":260},{""year"":2025,""month"":8,""search_volume"":210},{""year"":2025,""month"":7,""search_volume"":140},{""year"":2025,""month"":6,""search_volume"":320},{""year"":2025,""month"":5,""search_volume"":480},{""year"":2025,""month"":4,""search_volume"":390}]",
google analytics reporting automation,analytics_reporting,140,19.12,4,LOW,10.15,24.85,,,,26.7,-77.1,,,"[{""year"":2026,""month"":3,""search_volume"":110},{""year"":2026,""month"":2,""search_volume"":40},{""year"":2026,""month"":1,""search_volume"":40},{""year"":2025,""month"":12,""search_volume"":50},{""year"":2025,""month"":11,""search_volume"":30},{""year"":2025,""month"":10,""search_volume"":70},{""year"":2025,""month"":9,""search_volume"":50},{""year"":2025,""month"":8,""search_volume"":110},{""year"":2025,""month"":7,""search_volume"":90},{""year"":2025,""month"":6,""search_volume"":210},{""year"":2025,""month"":5,""search_volume"":320},{""year"":2025,""month"":4,""search_volume"":480}]",
google analytics reporting tool,analytics_reporting,70,,3,LOW,10.27,37.81,,,,36.4,0.0,,,"[{""year"":2026,""month"":3,""search_volume"":90},{""year"":2026,""month"":2,""search_volume"":30},{""year"":2026,""month"":1,""search_volume"":30},{""year"":2025,""month"":12,""search_volume"":40},{""year"":2025,""month"":11,""search_volume"":30},{""year"":2025,""month"":10,""search_volume"":40},{""year"":2025,""month"":9,""search_volume"":40},{""year"":2025,""month"":8,""search_volume"":90},{""year"":2025,""month"":7,""search_volume"":90},{""year"":2025,""month"":6,""search_volume"":110},{""year"":2025,""month"":5,""search_volume"":140},{""year"":2025,""month"":4,""search_volume"":90}]",
google analytics reporting dashboard,analytics_reporting,10,,7,LOW,,,,,,33.3,-33.3,,,"[{""year"":2026,""month"":3,""search_volume"":20},{""year"":2026,""month"":2,""search_volume"":10},{""year"":2026,""month"":1,""search_volume"":10},{""year"":2025,""month"":12,""search_volume"":10},{""year"":2025,""month"":11,""search_volume"":10},{""year"":2025,""month"":10,""search_volume"":10},{""year"":2025,""month"":9,""search_volume"":10},{""year"":2025,""month"":8,""search_volume"":10},{""year"":2025,""month"":7,""search_volume"":10},{""year"":2025,""month"":6,""search_volume"":30},{""year"":2025,""month"":5,""search_volume"":20},{""year"":2025,""month"":4,""search_volume"":30}]",
google analytics reporting software,analytics_reporting,10,,0,LOW,,,,,,0.0,-50.0,,,"[{""year"":2026,""month"":3,""search_volume"":10},{""year"":2026,""month"":2,""search_volume"":10},{""year"":2026,""month"":1,""search_volume"":10},{""year"":2025,""month"":12,""search_volume"":10},{""year"":2025,""month"":11,""search_volume"":10},{""year"":2025,""month"":10,""search_volume"":10},{""year"":2025,""month"":9,""search_volume"":20},{""year"":2025,""month"":8,""search_volume"":10},{""year"":2025,""month"":7,""search_volume"":10},{""year"":2025,""month"":6,""search_volume"":10},{""year"":2025,""month"":5,""search_volume"":20},{""year"":2025,""month"":4,""search_volume"":20}]",
ga4 reporting dashboard,analytics_reporting,,,,,,,,,,,,,,[],
ga4 reporting automation,analytics_reporting,,,,,,,,,,,,,,[],
ga4 reporting for clients,analytics_reporting,,,,,,,,,,,,,,[],
ga4 reporting for marketing agencies,analytics_reporting,,,,,,,,,,,,,,[],
ga4 reporting software,analytics_reporting,,,,,,,,,,,,,,[],
ga4 reporting tool,analytics_reporting,,,,,,,,,,,,,,[],
ga4 reporting for agencies,analytics_reporting,,,,,,,,,,,,,,[],
ga4 reporting for digital agencies,analytics_reporting,,,,,,,,,,,,,,[],
ga4 reporting for small agencies,analytics_reporting,,,,,,,,,,,,,,[],
ga4 reporting platform,analytics_reporting,,,,,,,,,,,,,,[],
ga4 reporting reports,analytics_reporting,,,,,,,,,,,,,,[],
ga4 reporting template,analytics_reporting,,,,,,,,,,,,,,[],
google analytics reporting for clients,analytics_reporting,,,,,,,,,,,,,,[],
google analytics reporting for marketing agencies,analytics_reporting,,,,,,,,,,,,,,[],
google analytics reporting for agencies,analytics_reporting,,,,,,,,,,,,,,[],
google analytics reporting platform,analytics_reporting,,,,,,,,,,,,,,[],
google analytics reporting reports,analytics_reporting,,,,,,,,,,,,,,[],
google analytics reporting for digital agencies,analytics_reporting,,,,,,,,,,,,,,[],
google analytics reporting for small agencies,analytics_reporting,,,,,,,,,,,,,,[],
client reporting tool,client_reporting,170,,1,LOW,7.77,28.37,,,,186.7,0.0,,,"[{""year"":2026,""month"":3,""search_volume"":320},{""year"":2026,""month"":2,""search_volume"":70},{""year"":2026,""month"":1,""search_volume"":40},{""year"":2025,""month"":12,""search_volume"":30},{""year"":2025,""month"":11,""search_volume"":50},{""year"":2025,""month"":10,""search_volume"":70},{""year"":2025,""month"":9,""search_volume"":170},{""year"":2025,""month"":8,""search_volume"":110},{""year"":2025,""month"":7,""search_volume"":140},{""year"":2025,""month"":6,""search_volume"":320},{""year"":2025,""month"":5,""search_volume"":390},{""year"":2025,""month"":4,""search_volume"":320}]",
client reporting software,client_reporting,110,,4,LOW,16.7,47.03,,,,71.4,0.0,,,"[{""year"":2026,""month"":3,""search_volume"":170},{""year"":2026,""month"":2,""search_volume"":50},{""year"":2026,""month"":1,""search_volume"":20},{""year"":2025,""month"":12,""search_volume"":20},{""year"":2025,""month"":11,""search_volume"":70},{""year"":2025,""month"":10,""search_volume"":50},{""year"":2025,""month"":9,""search_volume"":70},{""year"":2025,""month"":8,""search_volume"":50},{""year"":2025,""month"":7,""search_volume"":70},{""year"":2025,""month"":6,""search_volume"":210},{""year"":2025,""month"":5,""search_volume"":210},{""year"":2025,""month"":4,""search_volume"":170}]",
client reporting template,client_reporting,110,,2,LOW,4.97,14.04,,,,31.6,0.0,,,"[{""year"":2026,""month"":3,""search_volume"":170},{""year"":2026,""month"":2,""search_volume"":40},{""year"":2026,""month"":1,""search_volume"":40},{""year"":2025,""month"":12,""search_volume"":70},{""year"":2025,""month"":11,""search_volume"":50},{""year"":2025,""month"":10,""search_volume"":70},{""year"":2025,""month"":9,""search_volume"":110},{""year"":2025,""month"":8,""search_volume"":140},{""year"":2025,""month"":7,""search_volume"":110},{""year"":2025,""month"":6,""search_volume"":210},{""year"":2025,""month"":5,""search_volume"":320},{""year"":2025,""month"":4,""search_volume"":170}]",
client reporting for marketing agencies,client_reporting,20,,0,LOW,,,,,,100.0,-25.0,,,"[{""year"":2026,""month"":3,""search_volume"":30},{""year"":2026,""month"":2,""search_volume"":20},{""year"":2026,""month"":1,""search_volume"":30},{""year"":2025,""month"":12,""search_volume"":20},{""year"":2025,""month"":11,""search_volume"":10},{""year"":2025,""month"":10,""search_volume"":10},{""year"":2025,""month"":9,""search_volume"":10},{""year"":2025,""month"":8,""search_volume"":10},{""year"":2025,""month"":7,""search_volume"":10},{""year"":2025,""month"":6,""search_volume"":10},{""year"":2025,""month"":5,""search_volume"":20},{""year"":2025,""month"":4,""search_volume"":40}]",
asset management client reporting software,client_reporting,10,,0,LOW,,,,,,0.0,-50.0,,,"[{""year"":2026,""month"":3,""search_volume"":10},{""year"":2026,""month"":2,""search_volume"":10},{""year"":2026,""month"":1,""search_volume"":10},{""year"":2025,""month"":12,""search_volume"":10},{""year"":2025,""month"":11,""search_volume"":10},{""year"":2025,""month"":10,""search_volume"":10},{""year"":2025,""month"":9,""search_volume"":10},{""year"":2025,""month"":8,""search_volume"":20},{""year"":2025,""month"":7,""search_volume"":10},{""year"":2025,""month"":6,""search_volume"":10},{""year"":2025,""month"":5,""search_volume"":20},{""year"":2025,""month"":4,""search_volume"":20}]",
client reporting software asset management,client_reporting,10,,,,,,,,,-50.0,,,,"[{""year"":2026,""month"":3,""search_volume"":0},{""year"":2026,""month"":2,""search_volume"":0},{""year"":2026,""month"":1,""search_volume"":10},{""year"":2025,""month"":12,""search_volume"":10},{""year"":2025,""month"":11,""search_volume"":10},{""year"":2025,""month"":10,""search_volume"":0},{""year"":2025,""month"":9,""search_volume"":0},{""year"":2025,""month"":8,""search_volume"":10},{""year"":2025,""month"":7,""search_volume"":0},{""year"":2025,""month"":6,""search_volume"":0},{""year"":2025,""month"":5,""search_volume"":10},{""year"":2025,""month"":4,""search_volume"":10}]",
client reporting platform,client_reporting,10,,0,LOW,,,,,,200.0,0.0,,,"[{""year"":2026,""month"":3,""search_volume"":10},{""year"":2026,""month"":2,""search_volume"":10},{""year"":2026,""month"":1,""search_volume"":10},{""year"":2025,""month"":12,""search_volume"":0},{""year"":2025,""month"":11,""search_volume"":10},{""year"":2025,""month"":10,""search_volume"":0},{""year"":2025,""month"":9,""search_volume"":10},{""year"":2025,""month"":8,""search_volume"":10},{""year"":2025,""month"":7,""search_volume"":0},{""year"":2025,""month"":6,""search_volume"":0},{""year"":2025,""month"":5,""search_volume"":0},{""year"":2025,""month"":4,""search_volume"":10}]",
agency reporting for clients,client_reporting,,,,,,,,,,,,,,[],
client reporting automation,client_reporting,,,,,,,,,,,,,,[],
digital marketing reporting for clients,client_reporting,,,,,,,,,,,,,,[],
marketing reporting for clients,client_reporting,,,,,,,,,,,,,,[],
client reporting for agencies,client_reporting,,,,,,,,,,,,,,[],
client reporting for clients,client_reporting,,,,,,,,,,,,,,[],
client reporting for digital agencies,client_reporting,,,,,,,,,,,,,,[],
client reporting for small agencies,client_reporting,,,,,,,,,,,,,,[],
client reporting reports,client_reporting,,,,,,,,,,,,,,[],
agencyanalytics alternative,competitor_alternative,590,46.88,18,LOW,10.98,40.64,,,,-50.0,-74.0,,,"[{""year"":2026,""month"":3,""search_volume"":260},{""year"":2026,""month"":2,""search_volume"":210},{""year"":2026,""month"":1,""search_volume"":260},{""year"":2025,""month"":12,""search_volume"":480},{""year"":2025,""month"":11,""search_volume"":590},{""year"":2025,""month"":10,""search_volume"":390},{""year"":2025,""month"":9,""search_volume"":2400},{""year"":2025,""month"":8,""search_volume"":390},{""year"":2025,""month"":7,""search_volume"":170},{""year"":2025,""month"":6,""search_volume"":170},{""year"":2025,""month"":5,""search_volume"":590},{""year"":2025,""month"":4,""search_volume"":1000}]",
alternative to agencyanalytics,competitor_alternative,210,75.98,16,LOW,10.92,43.24,,,,-80.0,-94.9,,,"[{""year"":2026,""month"":3,""search_volume"":20},{""year"":2026,""month"":2,""search_volume"":50},{""year"":2026,""month"":1,""search_volume"":70},{""year"":2025,""month"":12,""search_volume"":210},{""year"":2025,""month"":11,""search_volume"":320},{""year"":2025,""month"":10,""search_volume"":170},{""year"":2025,""month"":9,""search_volume"":1000},{""year"":2025,""month"":8,""search_volume"":110},{""year"":2025,""month"":7,""search_volume"":10},{""year"":2025,""month"":6,""search_volume"":30},{""year"":2025,""month"":5,""search_volume"":140},{""year"":2025,""month"":4,""search_volume"":390}]",
supermetrics alternative,competitor_alternative,210,187.25,17,LOW,37.26,184.21,,,,80.0,-18.8,,,"[{""year"":2026,""month"":3,""search_volume"":260},{""year"":2026,""month"":2,""search_volume"":110},{""year"":2026,""month"":1,""search_volume"":170},{""year"":2025,""month"":12,""search_volume"":140},{""year"":2025,""month"":11,""search_volume"":90},{""year"":2025,""month"":10,""search_volume"":70},{""year"":2025,""month"":9,""search_volume"":320},{""year"":2025,""month"":8,""search_volume"":140},{""year"":2025,""month"":7,""search_volume"":170},{""year"":2025,""month"":6,""search_volume"":260},{""year"":2025,""month"":5,""search_volume"":320},{""year"":2025,""month"":4,""search_volume"":320}]",
looker studio alternative,competitor_alternative,170,20.47,40,MEDIUM,9.52,21.72,,,,-46.0,-21.4,,,"[{""year"":2026,""month"":3,""search_volume"":110},{""year"":2026,""month"":2,""search_volume"":70},{""year"":2026,""month"":1,""search_volume"":90},{""year"":2025,""month"":12,""search_volume"":70},{""year"":2025,""month"":11,""search_volume"":40},{""year"":2025,""month"":10,""search_volume"":390},{""year"":2025,""month"":9,""search_volume"":90},{""year"":2025,""month"":8,""search_volume"":170},{""year"":2025,""month"":7,""search_volume"":170},{""year"":2025,""month"":6,""search_volume"":210},{""year"":2025,""month"":5,""search_volume"":320},{""year"":2025,""month"":4,""search_volume"":140}]",
alternative to supermetrics,competitor_alternative,90,,13,LOW,33.65,270.8,,,,40.0,-85.7,,,"[{""year"":2026,""month"":3,""search_volume"":30},{""year"":2026,""month"":2,""search_volume"":20},{""year"":2026,""month"":1,""search_volume"":20},{""year"":2025,""month"":12,""search_volume"":20},{""year"":2025,""month"":11,""search_volume"":20},{""year"":2025,""month"":10,""search_volume"":10},{""year"":2025,""month"":9,""search_volume"":170},{""year"":2025,""month"":8,""search_volume"":110},{""year"":2025,""month"":7,""search_volume"":40},{""year"":2025,""month"":6,""search_volume"":140},{""year"":2025,""month"":5,""search_volume"":320},{""year"":2025,""month"":4,""search_volume"":210}]",
whatagraph alternative,competitor_alternative,50,69.96,4,LOW,12.08,84.05,,,,171.4,80.0,,,"[{""year"":2026,""month"":3,""search_volume"":90},{""year"":2026,""month"":2,""search_volume"":30},{""year"":2026,""month"":1,""search_volume"":70},{""year"":2025,""month"":12,""search_volume"":50},{""year"":2025,""month"":11,""search_volume"":10},{""year"":2025,""month"":10,""search_volume"":10},{""year"":2025,""month"":9,""search_volume"":10},{""year"":2025,""month"":8,""search_volume"":70},{""year"":2025,""month"":7,""search_volume"":50},{""year"":2025,""month"":6,""search_volume"":70},{""year"":2025,""month"":5,""search_volume"":140},{""year"":2025,""month"":4,""search_volume"":50}]",
dashthis alternative,competitor_alternative,40,48.08,12,LOW,18.75,39.18,,,,75.0,0.0,,,"[{""year"":2026,""month"":3,""search_volume"":50},{""year"":2026,""month"":2,""search_volume"":40},{""year"":2026,""month"":1,""search_volume"":50},{""year"":2025,""month"":12,""search_volume"":50},{""year"":2025,""month"":11,""search_volume"":10},{""year"":2025,""month"":10,""search_volume"":20},{""year"":2025,""month"":9,""search_volume"":10},{""year"":2025,""month"":8,""search_volume"":40},{""year"":2025,""month"":7,""search_volume"":30},{""year"":2025,""month"":6,""search_volume"":40},{""year"":2025,""month"":5,""search_volume"":50},{""year"":2025,""month"":4,""search_volume"":50}]",
alternative to looker studio,competitor_alternative,30,18.08,27,LOW,13.84,29.98,,,,25.0,66.7,,,"[{""year"":2026,""month"":3,""search_volume"":50},{""year"":2026,""month"":2,""search_volume"":20},{""year"":2026,""month"":1,""search_volume"":30},{""year"":2025,""month"":12,""search_volume"":30},{""year"":2025,""month"":11,""search_volume"":10},{""year"":2025,""month"":10,""search_volume"":40},{""year"":2025,""month"":9,""search_volume"":20},{""year"":2025,""month"":8,""search_volume"":30},{""year"":2025,""month"":7,""search_volume"":30},{""year"":2025,""month"":6,""search_volume"":30},{""year"":2025,""month"":5,""search_volume"":30},{""year"":2025,""month"":4,""search_volume"":30}]",
supermetrics free alternative,competitor_alternative,30,,20,LOW,4.99,32.57,,,,33.3,-81.8,,,"[{""year"":2026,""month"":3,""search_volume"":20},{""year"":2026,""month"":2,""search_volume"":10},{""year"":2026,""month"":1,""search_volume"":10},{""year"":2025,""month"":12,""search_volume"":10},{""year"":2025,""month"":11,""search_volume"":10},{""year"":2025,""month"":10,""search_volume"":10},{""year"":2025,""month"":9,""search_volume"":10},{""year"":2025,""month"":8,""search_volume"":20},{""year"":2025,""month"":7,""search_volume"":20},{""year"":2025,""month"":6,""search_volume"":70},{""year"":2025,""month"":5,""search_volume"":90},{""year"":2025,""month"":4,""search_volume"":110}]",
swydo alternative,competitor_alternative,20,,27,LOW,12.89,28.92,,,,100.0,-33.3,,,"[{""year"":2026,""month"":3,""search_volume"":20},{""year"":2026,""month"":2,""search_volume"":10},{""year"":2026,""month"":1,""search_volume"":30},{""year"":2025,""month"":12,""search_volume"":10},{""year"":2025,""month"":11,""search_volume"":10},{""year"":2025,""month"":10,""search_volume"":10},{""year"":2025,""month"":9,""search_volume"":10},{""year"":2025,""month"":8,""search_volume"":50},{""year"":2025,""month"":7,""search_volume"":40},{""year"":2025,""month"":6,""search_volume"":30},{""year"":2025,""month"":5,""search_volume"":20},{""year"":2025,""month"":4,""search_volume"":30}]",
alternative looker studio,competitor_alternative,10,,,,,,,,,-100.0,,,,"[{""year"":2026,""month"":3,""search_volume"":0},{""year"":2026,""month"":2,""search_volume"":0},{""year"":2026,""month"":1,""search_volume"":0},{""year"":2025,""month"":12,""search_volume"":0},{""year"":2025,""month"":11,""search_volume"":0},{""year"":2025,""month"":10,""search_volume"":10},{""year"":2025,""month"":9,""search_volume"":0},{""year"":2025,""month"":8,""search_volume"":0},{""year"":2025,""month"":7,""search_volume"":0},{""year"":2025,""month"":6,""search_volume"":10},{""year"":2025,""month"":5,""search_volume"":0},{""year"":2025,""month"":4,""search_volume"":0}]",
looker studio alternative free,competitor_alternative,10,43.16,56,MEDIUM,9.55,30.62,,,,0.0,0.0,,,"[{""year"":2026,""month"":3,""search_volume"":10},{""year"":2026,""month"":2,""search_volume"":10},{""year"":2026,""month"":1,""search_volume"":10},{""year"":2025,""month"":12,""search_volume"":10},{""year"":2025,""month"":11,""search_volume"":10},{""year"":2025,""month"":10,""search_volume"":10},{""year"":2025,""month"":9,""search_volume"":10},{""year"":2025,""month"":8,""search_volume"":10},{""year"":2025,""month"":7,""search_volume"":10},{""year"":2025,""month"":6,""search_volume"":10},{""year"":2025,""month"":5,""search_volume"":10},{""year"":2025,""month"":4,""search_volume"":10}]",
looker studio alternative microsoft,competitor_alternative,10,,14,LOW,,,,,,0.0,0.0,,,"[{""year"":2026,""month"":3,""search_volume"":10},{""year"":2026,""month"":2,""search_volume"":0},{""year"":2026,""month"":1,""search_volume"":10},{""year"":2025,""month"":12,""search_volume"":0},{""year"":2025,""month"":11,""search_volume"":10},{""year"":2025,""month"":10,""search_volume"":10},{""year"":2025,""month"":9,""search_volume"":10},{""year"":2025,""month"":8,""search_volume"":10},{""year"":2025,""month"":7,""search_volume"":0},{""year"":2025,""month"":6,""search_volume"":10},{""year"":2025,""month"":5,""search_volume"":10},{""year"":2025,""month"":4,""search_volume"":10}]",
looker studio open source alternative,competitor_alternative,10,,86,HIGH,,,,,,0.0,0.0,,,"[{""year"":2026,""month"":3,""search_volume"":10},{""year"":2026,""month"":2,""search_volume"":0},{""year"":2026,""month"":1,""search_volume"":10},{""year"":2025,""month"":12,""search_volume"":0},{""year"":2025,""month"":11,""search_volume"":10},{""year"":2025,""month"":10,""search_volume"":10},{""year"":2025,""month"":9,""search_volume"":0},{""year"":2025,""month"":8,""search_volume"":10},{""year"":2025,""month"":7,""search_volume"":10},{""year"":2025,""month"":6,""search_volume"":10},{""year"":2025,""month"":5,""search_volume"":10},{""year"":2025,""month"":4,""search_volume"":10}]",
alternative to swydo,competitor_alternative,10,,0,LOW,,,,,,33.3,100.0,,,"[{""year"":2026,""month"":3,""search_volume"":20},{""year"":2026,""month"":2,""search_volume"":10},{""year"":2026,""month"":1,""search_volume"":10},{""year"":2025,""month"":12,""search_volume"":10},{""year"":2025,""month"":11,""search_volume"":10},{""year"":2025,""month"":10,""search_volume"":10},{""year"":2025,""month"":9,""search_volume"":10},{""year"":2025,""month"":8,""search_volume"":10},{""year"":2025,""month"":7,""search_volume"":10},{""year"":2025,""month"":6,""search_volume"":10},{""year"":2025,""month"":5,""search_volume"":10},{""year"":2025,""month"":4,""search_volume"":10}]",
free alternative to supermetrics,competitor_alternative,10,,14,LOW,,,,,,-33.3,-50.0,,,"[{""year"":2026,""month"":3,""search_volume"":10},{""year"":2026,""month"":2,""search_volume"":10},{""year"":2026,""month"":1,""search_volume"":0},{""year"":2025,""month"":12,""search_volume"":10},{""year"":2025,""month"":11,""search_volume"":10},{""year"":2025,""month"":10,""search_volume"":10},{""year"":2025,""month"":9,""search_volume"":10},{""year"":2025,""month"":8,""search_volume"":10},{""year"":2025,""month"":7,""search_volume"":10},{""year"":2025,""month"":6,""search_volume"":20},{""year"":2025,""month"":5,""search_volume"":10},{""year"":2025,""month"":4,""search_volume"":20}]",
free supermetrics alternative,competitor_alternative,10,,86,HIGH,,,,,,,0.0,,,"[{""year"":2026,""month"":3,""search_volume"":10},{""year"":2026,""month"":2,""search_volume"":0},{""year"":2026,""month"":1,""search_volume"":0},{""year"":2025,""month"":12,""search_volume"":0},{""year"":2025,""month"":11,""search_volume"":0},{""year"":2025,""month"":10,""search_volume"":0},{""year"":2025,""month"":9,""search_volume"":10},{""year"":2025,""month"":8,""search_volume"":10},{""year"":2025,""month"":7,""search_volume"":0},{""year"":2025,""month"":6,""search_volume"":10},{""year"":2025,""month"":5,""search_volume"":10},{""year"":2025,""month"":4,""search_volume"":10}]",
supermetrics alternative free,competitor_alternative,10,,,,,,,,,0.0,,,,"[{""year"":2026,""month"":3,""search_volume"":0},{""year"":2026,""month"":2,""search_volume"":10},{""year"":2026,""month"":1,""search_volume"":0},{""year"":2025,""month"":12,""search_volume"":0},{""year"":2025,""month"":11,""search_volume"":10},{""year"":2025,""month"":10,""search_volume"":0},{""year"":2025,""month"":9,""search_volume"":0},{""year"":2025,""month"":8,""search_volume"":0},{""year"":2025,""month"":7,""search_volume"":0},{""year"":2025,""month"":6,""search_volume"":20},{""year"":2025,""month"":5,""search_volume"":0},{""year"":2025,""month"":4,""search_volume"":10}]",
supermetrics alternative reddit,competitor_alternative,10,,86,HIGH,,,,,,0.0,1000.0,,,"[{""year"":2026,""month"":3,""search_volume"":10},{""year"":2026,""month"":2,""search_volume"":10},{""year"":2026,""month"":1,""search_volume"":10},{""year"":2025,""month"":12,""search_volume"":10},{""year"":2025,""month"":11,""search_volume"":10},{""year"":2025,""month"":10,""search_volume"":10},{""year"":2025,""month"":9,""search_volume"":0},{""year"":2025,""month"":8,""search_volume"":10},{""year"":2025,""month"":7,""search_volume"":0},{""year"":2025,""month"":6,""search_volume"":20},{""year"":2025,""month"":5,""search_volume"":10},{""year"":2025,""month"":4,""search_volume"":0}]",
agencyanalytics alternative reporting software,competitor_alternative,,,,,,,,,,,,,,[],
agencyanalytics alternative reporting tool,competitor_alternative,,,,,,,,,,,,,,[],
looker studio alternative reporting software,competitor_alternative,,,,,,,,,,,,,,[],
looker studio alternative reporting tool,competitor_alternative,,,,,,,,,,,,,,[],
dashthis alternative reporting software,competitor_alternative,,,,,,,,,,,,,,[],
dashthis alternative reporting tool,competitor_alternative,,,,,,,,,,,,,,[],
supermetrics alternative reporting software,competitor_alternative,,,,,,,,,,,,,,[],
supermetrics alternative reporting tool,competitor_alternative,,,,,,,,,,,,,,[],
swydo alternative reporting software,competitor_alternative,,,,,,,,,,,,,,[],
swydo alternative reporting tool,competitor_alternative,,,,,,,,,,,,,,[],
whatagraph alternative reporting software,competitor_alternative,,,,,,,,,,,,,,[],
whatagraph alternative reporting tool,competitor_alternative,,,,,,,,,,,,,,[],
agencyanalytics alternative dashboard,competitor_alternative,,,,,,,,,,,,,,[],
agencyanalytics alternative reports,competitor_alternative,,,,,,,,,,,,,,[],
agencyanalytics alternative automation,competitor_alternative,,,,,,,,,,,,,,[],
agencyanalytics alternative for clients,competitor_alternative,,,,,,,,,,,,,,[],
agencyanalytics alternative for marketing agencies,competitor_alternative,,,,,,,,,,,,,,[],
2 minute reports alternative reporting software,competitor_alternative,,,,,,,,,,,,,,[],
2 minute reports alternative reporting tool,competitor_alternative,,,,,,,,,,,,,,[],
agencyanalytics alternative software,competitor_alternative,,,,,,,,,,,,,,[],
agencyanalytics alternative tool,competitor_alternative,,,,,,,,,,,,,,[],
looker studio alternative dashboard,competitor_alternative,,,,,,,,,,,,,,[],
looker studio alternative reports,competitor_alternative,,,,,,,,,,,,,,[],
2 minute reports alternative dashboard,competitor_alternative,,,,,,,,,,,,,,[],
agencyanalytics alternative for agencies,competitor_alternative,,,,,,,,,,,,,,[],
agencyanalytics alternative for digital agencies,competitor_alternative,,,,,,,,,,,,,,[],
agencyanalytics alternative for small agencies,competitor_alternative,,,,,,,,,,,,,,[],
agencyanalytics alternative platform,competitor_alternative,,,,,,,,,,,,,,[],
agencyanalytics alternative template,competitor_alternative,,,,,,,,,,,,,,[],
dashthis alternative dashboard,competitor_alternative,,,,,,,,,,,,,,[],
dashthis alternative reports,competitor_alternative,,,,,,,,,,,,,,[],
looker studio alternative automation,competitor_alternative,,,,,,,,,,,,,,[],
looker studio alternative for clients,competitor_alternative,,,,,,,,,,,,,,[],
supermetrics alternative dashboard,competitor_alternative,,,,,,,,,,,,,,[],
supermetrics alternative reports,competitor_alternative,,,,,,,,,,,,,,[],
swydo alternative dashboard,competitor_alternative,,,,,,,,,,,,,,[],
swydo alternative reports,competitor_alternative,,,,,,,,,,,,,,[],
whatagraph alternative dashboard,competitor_alternative,,,,,,,,,,,,,,[],
whatagraph alternative reports,competitor_alternative,,,,,,,,,,,,,,[],
2 minute reports alternative automation,competitor_alternative,,,,,,,,,,,,,,[],
dashthis alternative automation,competitor_alternative,,,,,,,,,,,,,,[],
dashthis alternative for clients,competitor_alternative,,,,,,,,,,,,,,[],
dashthis alternative for marketing agencies,competitor_alternative,,,,,,,,,,,,,,[],
looker studio alternative for marketing agencies,competitor_alternative,,,,,,,,,,,,,,[],
looker studio alternative software,competitor_alternative,,,,,,,,,,,,,,[],
looker studio alternative tool,competitor_alternative,,,,,,,,,,,,,,[],
supermetrics alternative automation,competitor_alternative,,,,,,,,,,,,,,[],
supermetrics alternative for clients,competitor_alternative,,,,,,,,,,,,,,[],
supermetrics alternative for marketing agencies,competitor_alternative,,,,,,,,,,,,,,[],
swydo alternative automation,competitor_alternative,,,,,,,,,,,,,,[],
swydo alternative for clients,competitor_alternative,,,,,,,,,,,,,,[],
swydo alternative for marketing agencies,competitor_alternative,,,,,,,,,,,,,,[],
whatagraph alternative automation,competitor_alternative,,,,,,,,,,,,,,[],
whatagraph alternative for clients,competitor_alternative,,,,,,,,,,,,,,[],
whatagraph alternative for marketing agencies,competitor_alternative,,,,,,,,,,,,,,[],
2 minute reports alternative for clients,competitor_alternative,,,,,,,,,,,,,,[],
2 minute reports alternative for marketing agencies,competitor_alternative,,,,,,,,,,,,,,[],
2 minute reports alternative software,competitor_alternative,,,,,,,,,,,,,,[],
2 minute reports alternative tool,competitor_alternative,,,,,,,,,,,,,,[],
dashthis alternative software,competitor_alternative,,,,,,,,,,,,,,[],
dashthis alternative tool,competitor_alternative,,,,,,,,,,,,,,[],
supermetrics alternative software,competitor_alternative,,,,,,,,,,,,,,[],
supermetrics alternative tool,competitor_alternative,,,,,,,,,,,,,,[],
swydo alternative software,competitor_alternative,,,,,,,,,,,,,,[],
swydo alternative tool,competitor_alternative,,,,,,,,,,,,,,[],
whatagraph alternative software,competitor_alternative,,,,,,,,,,,,,,[],
whatagraph alternative tool,competitor_alternative,,,,,,,,,,,,,,[],
looker studio alternative for agencies,competitor_alternative,,,,,,,,,,,,,,[],
looker studio alternative platform,competitor_alternative,,,,,,,,,,,,,,[],
looker studio alternative template,competitor_alternative,,,,,,,,,,,,,,[],
2 minute reports alternative platform,competitor_alternative,,,,,,,,,,,,,,[],
2 minute reports alternative reports,competitor_alternative,,,,,,,,,,,,,,[],
2 minute reports alternative template,competitor_alternative,,,,,,,,,,,,,,[],
2-minute reports alternative,competitor_alternative,,,,,,,,,,,,,,[],
dashthis alternative for agencies,competitor_alternative,,,,,,,,,,,,,,[],
dashthis alternative for digital agencies,competitor_alternative,,,,,,,,,,,,,,[],
dashthis alternative for small agencies,competitor_alternative,,,,,,,,,,,,,,[],
dashthis alternative platform,competitor_alternative,,,,,,,,,,,,,,[],
dashthis alternative template,competitor_alternative,,,,,,,,,,,,,,[],
looker studio alternative for digital agencies,competitor_alternative,,,,,,,,,,,,,,[],
looker studio alternative for small agencies,competitor_alternative,,,,,,,,,,,,,,[],
supermetrics alternative for agencies,competitor_alternative,,,,,,,,,,,,,,[],
supermetrics alternative for digital agencies,competitor_alternative,,,,,,,,,,,,,,[],
supermetrics alternative for small agencies,competitor_alternative,,,,,,,,,,,,,,[],
supermetrics alternative platform,competitor_alternative,,,,,,,,,,,,,,[],
supermetrics alternative template,competitor_alternative,,,,,,,,,,,,,,[],
swydo alternative for agencies,competitor_alternative,,,,,,,,,,,,,,[],
swydo alternative for digital agencies,competitor_alternative,,,,,,,,,,,,,,[],
swydo alternative for small agencies,competitor_alternative,,,,,,,,,,,,,,[],
swydo alternative platform,competitor_alternative,,,,,,,,,,,,,,[],
swydo alternative template,competitor_alternative,,,,,,,,,,,,,,[],
whatagraph alternative for agencies,competitor_alternative,,,,,,,,,,,,,,[],
whatagraph alternative for digital agencies,competitor_alternative,,,,,,,,,,,,,,[],
whatagraph alternative for small agencies,competitor_alternative,,,,,,,,,,,,,,[],
whatagraph alternative platform,competitor_alternative,,,,,,,,,,,,,,[],
whatagraph alternative template,competitor_alternative,,,,,,,,,,,,,,[],
2 minute reports alternative for agencies,competitor_alternative,,,,,,,,,,,,,,[],
2 minute reports alternative for digital agencies,competitor_alternative,,,,,,,,,,,,,,[],
2 minute reports alternative for small agencies,competitor_alternative,,,,,,,,,,,,,,[],
google sheets reporting automation dashboard,connector_automation,,,,,,,,,,,,,,[],
google sheets reporting automation for clients,connector_automation,,,,,,,,,,,,,,[],
google sheets reporting automation for marketing agencies,connector_automation,,,,,,,,,,,,,,[],
google sheets reporting automation software,connector_automation,,,,,,,,,,,,,,[],
google sheets reporting automation tool,connector_automation,,,,,,,,,,,,,,[],
google sheets reporting automation reporting software,connector_automation,,,,,,,,,,,,,,[],
google sheets reporting automation reporting tool,connector_automation,,,,,,,,,,,,,,[],
google sheets reporting automation,connector_automation,,,,,,,,,,,,,,[],
google sheets reporting automation platform,connector_automation,,,,,,,,,,,,,,[],
google sheets reporting automation reports,connector_automation,,,,,,,,,,,,,,[],
google sheets reporting automation template,connector_automation,,,,,,,,,,,,,,[],
google sheets reporting automation for agencies,connector_automation,,,,,,,,,,,,,,[],
google sheets reporting automation for digital agencies,connector_automation,,,,,,,,,,,,,,[],
google sheets reporting automation for small agencies,connector_automation,,,,,,,,,,,,,,[],
marketing dashboard software,dashboard_software,260,66.27,7,LOW,20.31,52.95,,,,-21.3,-46.2,,,"[{""year"":2026,""month"":3,""search_volume"":140},{""year"":2026,""month"":2,""search_volume"":140},{""year"":2026,""month"":1,""search_volume"":90},{""year"":2025,""month"":12,""search_volume"":70},{""year"":2025,""month"":11,""search_volume"":140},{""year"":2025,""month"":10,""search_volume"":260},{""year"":2025,""month"":9,""search_volume"":260},{""year"":2025,""month"":8,""search_volume"":480},{""year"":2025,""month"":7,""search_volume"":210},{""year"":2025,""month"":6,""search_volume"":320},{""year"":2025,""month"":5,""search_volume"":390},{""year"":2025,""month"":4,""search_volume"":260}]",
digital marketing reporting dashboard,dashboard_software,170,,2,LOW,34.71,98.12,,,,363.6,-18.8,,,"[{""year"":2026,""month"":3,""search_volume"":260},{""year"":2026,""month"":2,""search_volume"":140},{""year"":2026,""month"":1,""search_volume"":110},{""year"":2025,""month"":12,""search_volume"":50},{""year"":2025,""month"":11,""search_volume"":30},{""year"":2025,""month"":10,""search_volume"":30},{""year"":2025,""month"":9,""search_volume"":70},{""year"":2025,""month"":8,""search_volume"":170},{""year"":2025,""month"":7,""search_volume"":110},{""year"":2025,""month"":6,""search_volume"":260},{""year"":2025,""month"":5,""search_volume"":480},{""year"":2025,""month"":4,""search_volume"":320}]",
marketing reporting dashboard,dashboard_software,170,,3,LOW,21.15,72.72,,,,269.2,0.0,,,"[{""year"":2026,""month"":3,""search_volume"":320},{""year"":2026,""month"":2,""search_volume"":90},{""year"":2026,""month"":1,""search_volume"":70},{""year"":2025,""month"":12,""search_volume"":50},{""year"":2025,""month"":11,""search_volume"":30},{""year"":2025,""month"":10,""search_volume"":50},{""year"":2025,""month"":9,""search_volume"":110},{""year"":2025,""month"":8,""search_volume"":140},{""year"":2025,""month"":7,""search_volume"":140},{""year"":2025,""month"":6,""search_volume"":320},{""year"":2025,""month"":5,""search_volume"":390},{""year"":2025,""month"":4,""search_volume"":320}]",
client reporting dashboard,dashboard_software,40,,0,LOW,,,,,,333.3,40.0,,,"[{""year"":2026,""month"":3,""search_volume"":70},{""year"":2026,""month"":2,""search_volume"":50},{""year"":2026,""month"":1,""search_volume"":10},{""year"":2025,""month"":12,""search_volume"":10},{""year"":2025,""month"":11,""search_volume"":10},{""year"":2025,""month"":10,""search_volume"":10},{""year"":2025,""month"":9,""search_volume"":10},{""year"":2025,""month"":8,""search_volume"":30},{""year"":2025,""month"":7,""search_volume"":30},{""year"":2025,""month"":6,""search_volume"":70},{""year"":2025,""month"":5,""search_volume"":110},{""year"":2025,""month"":4,""search_volume"":50}]",
agency reporting dashboard,dashboard_software,10,71.38,12,LOW,21.1,49.55,,,,33.3,100.0,,,"[{""year"":2026,""month"":3,""search_volume"":20},{""year"":2026,""month"":2,""search_volume"":10},{""year"":2026,""month"":1,""search_volume"":10},{""year"":2025,""month"":12,""search_volume"":10},{""year"":2025,""month"":11,""search_volume"":10},{""year"":2025,""month"":10,""search_volume"":10},{""year"":2025,""month"":9,""search_volume"":10},{""year"":2025,""month"":8,""search_volume"":10},{""year"":2025,""month"":7,""search_volume"":30},{""year"":2025,""month"":6,""search_volume"":20},{""year"":2025,""month"":5,""search_volume"":10},{""year"":2025,""month"":4,""search_volume"":10}]",
best marketing dashboard software,dashboard_software,10,58.27,3,LOW,,,,,,133.3,300.0,,,"[{""year"":2026,""month"":3,""search_volume"":40},{""year"":2026,""month"":2,""search_volume"":20},{""year"":2026,""month"":1,""search_volume"":10},{""year"":2025,""month"":12,""search_volume"":10},{""year"":2025,""month"":11,""search_volume"":10},{""year"":2025,""month"":10,""search_volume"":10},{""year"":2025,""month"":9,""search_volume"":10},{""year"":2025,""month"":8,""search_volume"":10},{""year"":2025,""month"":7,""search_volume"":10},{""year"":2025,""month"":6,""search_volume"":10},{""year"":2025,""month"":5,""search_volume"":10},{""year"":2025,""month"":4,""search_volume"":10}]",
marketing dashboard software free,dashboard_software,0,,,,,,,,,,,,,"[{""year"":2026,""month"":3,""search_volume"":0},{""year"":2026,""month"":2,""search_volume"":0},{""year"":2026,""month"":1,""search_volume"":0},{""year"":2025,""month"":12,""search_volume"":0},{""year"":2025,""month"":11,""search_volume"":0},{""year"":2025,""month"":10,""search_volume"":0},{""year"":2025,""month"":9,""search_volume"":0},{""year"":2025,""month"":8,""search_volume"":0},{""year"":2025,""month"":7,""search_volume"":0},{""year"":2025,""month"":6,""search_volume"":0},{""year"":2025,""month"":5,""search_volume"":0},{""year"":2025,""month"":4,""search_volume"":0}]",
agency dashboard software,dashboard_software,,,,,,,,,,,,,,[],
software reporting tool,marketing_reporting,260,,7,LOW,10.04,26.23,,,,-7.7,-55.9,,,"[{""year"":2026,""month"":3,""search_volume"":260},{""year"":2026,""month"":2,""search_volume"":110},{""year"":2026,""month"":1,""search_volume"":110},{""year"":2025,""month"":12,""search_volume"":90},{""year"":2025,""month"":11,""search_volume"":170},{""year"":2025,""month"":10,""search_volume"":260},{""year"":2025,""month"":9,""search_volume"":590},{""year"":2025,""month"":8,""search_volume"":210},{""year"":2025,""month"":7,""search_volume"":70},{""year"":2025,""month"":6,""search_volume"":140},{""year"":2025,""month"":5,""search_volume"":320},{""year"":2025,""month"":4,""search_volume"":590}]",
marketing reporting software,marketing_reporting,210,24.03,2,LOW,26.93,71.28,,,,153.3,-33.3,,,"[{""year"":2026,""month"":3,""search_volume"":260},{""year"":2026,""month"":2,""search_volume"":50},{""year"":2026,""month"":1,""search_volume"":70},{""year"":2025,""month"":12,""search_volume"":50},{""year"":2025,""month"":11,""search_volume"":50},{""year"":2025,""month"":10,""search_volume"":50},{""year"":2025,""month"":9,""search_volume"":320},{""year"":2025,""month"":8,""search_volume"":140},{""year"":2025,""month"":7,""search_volume"":170},{""year"":2025,""month"":6,""search_volume"":390},{""year"":2025,""month"":5,""search_volume"":480},{""year"":2025,""month"":4,""search_volume"":390}]",
marketing reporting tool,marketing_reporting,210,,2,LOW,8.82,82.46,,,,156.0,0.0,,,"[{""year"":2026,""month"":3,""search_volume"":480},{""year"":2026,""month"":2,""search_volume"":90},{""year"":2026,""month"":1,""search_volume"":70},{""year"":2025,""month"":12,""search_volume"":90},{""year"":2025,""month"":11,""search_volume"":50},{""year"":2025,""month"":10,""search_volume"":110},{""year"":2025,""month"":9,""search_volume"":390},{""year"":2025,""month"":8,""search_volume"":140},{""year"":2025,""month"":7,""search_volume"":110},{""year"":2025,""month"":6,""search_volume"":320},{""year"":2025,""month"":5,""search_volume"":390},{""year"":2025,""month"":4,""search_volume"":480}]",
marketing reporting template,marketing_reporting,210,,2,LOW,5.47,16.78,,,,170.6,-17.9,,,"[{""year"":2026,""month"":3,""search_volume"":320},{""year"":2026,""month"":2,""search_volume"":70},{""year"":2026,""month"":1,""search_volume"":70},{""year"":2025,""month"":12,""search_volume"":70},{""year"":2025,""month"":11,""search_volume"":30},{""year"":2025,""month"":10,""search_volume"":70},{""year"":2025,""month"":9,""search_volume"":390},{""year"":2025,""month"":8,""search_volume"":140},{""year"":2025,""month"":7,""search_volume"":110},{""year"":2025,""month"":6,""search_volume"":260},{""year"":2025,""month"":5,""search_volume"":480},{""year"":2025,""month"":4,""search_volume"":390}]",
report generator software,marketing_reporting,170,21.55,16,LOW,7.38,26.8,,,,48.3,-19.2,,,"[{""year"":2026,""month"":3,""search_volume"":210},{""year"":2026,""month"":2,""search_volume"":110},{""year"":2026,""month"":1,""search_volume"":110},{""year"":2025,""month"":12,""search_volume"":90},{""year"":2025,""month"":11,""search_volume"":90},{""year"":2025,""month"":10,""search_volume"":110},{""year"":2025,""month"":9,""search_volume"":110},{""year"":2025,""month"":8,""search_volume"":140},{""year"":2025,""month"":7,""search_volume"":110},{""year"":2025,""month"":6,""search_volume"":320},{""year"":2025,""month"":5,""search_volume"":320},{""year"":2025,""month"":4,""search_volume"":260}]",
digital marketing reporting tool,marketing_reporting,140,20.09,1,LOW,,,,,,230.0,-34.4,,,"[{""year"":2026,""month"":3,""search_volume"":210},{""year"":2026,""month"":2,""search_volume"":70},{""year"":2026,""month"":1,""search_volume"":50},{""year"":2025,""month"":12,""search_volume"":50},{""year"":2025,""month"":11,""search_volume"":20},{""year"":2025,""month"":10,""search_volume"":30},{""year"":2025,""month"":9,""search_volume"":320},{""year"":2025,""month"":8,""search_volume"":90},{""year"":2025,""month"":7,""search_volume"":90},{""year"":2025,""month"":6,""search_volume"":260},{""year"":2025,""month"":5,""search_volume"":390},{""year"":2025,""month"":4,""search_volume"":320}]",
automated marketing reports,marketing_reporting,90,30.03,1,LOW,17.55,42.82,,,,350.0,50.0,,,"[{""year"":2026,""month"":3,""search_volume"":210},{""year"":2026,""month"":2,""search_volume"":40},{""year"":2026,""month"":1,""search_volume"":20},{""year"":2025,""month"":12,""search_volume"":30},{""year"":2025,""month"":11,""search_volume"":10},{""year"":2025,""month"":10,""search_volume"":20},{""year"":2025,""month"":9,""search_volume"":30},{""year"":2025,""month"":8,""search_volume"":90},{""year"":2025,""month"":7,""search_volume"":40},{""year"":2025,""month"":6,""search_volume"":170},{""year"":2025,""month"":5,""search_volume"":210},{""year"":2025,""month"":4,""search_volume"":140}]",
marketing reporting automation,marketing_reporting,70,70.13,5,LOW,14.72,50.75,,,,166.7,27.3,,,"[{""year"":2026,""month"":3,""search_volume"":140},{""year"":2026,""month"":2,""search_volume"":10},{""year"":2026,""month"":1,""search_volume"":10},{""year"":2025,""month"":12,""search_volume"":10},{""year"":2025,""month"":11,""search_volume"":10},{""year"":2025,""month"":10,""search_volume"":40},{""year"":2025,""month"":9,""search_volume"":50},{""year"":2025,""month"":8,""search_volume"":70},{""year"":2025,""month"":7,""search_volume"":70},{""year"":2025,""month"":6,""search_volume"":140},{""year"":2025,""month"":5,""search_volume"":140},{""year"":2025,""month"":4,""search_volume"":110}]",
online marketing reporting software,marketing_reporting,70,,0,LOW,,,,,,-29.4,-64.3,,,"[{""year"":2026,""month"":3,""search_volume"":50},{""year"":2026,""month"":2,""search_volume"":40},{""year"":2026,""month"":1,""search_volume"":30},{""year"":2025,""month"":12,""search_volume"":70},{""year"":2025,""month"":11,""search_volume"":50},{""year"":2025,""month"":10,""search_volume"":50},{""year"":2025,""month"":9,""search_volume"":260},{""year"":2025,""month"":8,""search_volume"":40},{""year"":2025,""month"":7,""search_volume"":10},{""year"":2025,""month"":6,""search_volume"":20},{""year"":2025,""month"":5,""search_volume"":70},{""year"":2025,""month"":4,""search_volume"":140}]",
digital marketing reporting template,marketing_reporting,70,,6,LOW,4.33,7.12,,,,120.0,-50.0,,,"[{""year"":2026,""month"":3,""search_volume"":70},{""year"":2026,""month"":2,""search_volume"":20},{""year"":2026,""month"":1,""search_volume"":20},{""year"":2025,""month"":12,""search_volume"":20},{""year"":2025,""month"":11,""search_volume"":10},{""year"":2025,""month"":10,""search_volume"":20},{""year"":2025,""month"":9,""search_volume"":170},{""year"":2025,""month"":8,""search_volume"":50},{""year"":2025,""month"":7,""search_volume"":30},{""year"":2025,""month"":6,""search_volume"":90},{""year"":2025,""month"":5,""search_volume"":170},{""year"":2025,""month"":4,""search_volume"":140}]",
digital marketing reporting software,marketing_reporting,40,44.71,4,LOW,,,,,,80.0,-28.6,,,"[{""year"":2026,""month"":3,""search_volume"":50},{""year"":2026,""month"":2,""search_volume"":30},{""year"":2026,""month"":1,""search_volume"":10},{""year"":2025,""month"":12,""search_volume"":30},{""year"":2025,""month"":11,""search_volume"":10},{""year"":2025,""month"":10,""search_volume"":10},{""year"":2025,""month"":9,""search_volume"":40},{""year"":2025,""month"":8,""search_volume"":50},{""year"":2025,""month"":7,""search_volume"":40},{""year"":2025,""month"":6,""search_volume"":110},{""year"":2025,""month"":5,""search_volume"":70},{""year"":2025,""month"":4,""search_volume"":70}]",
marketing reporting platform,marketing_reporting,40,,4,LOW,26.79,161.53,,,,250.0,28.6,,,"[{""year"":2026,""month"":3,""search_volume"":90},{""year"":2026,""month"":2,""search_volume"":30},{""year"":2026,""month"":1,""search_volume"":20},{""year"":2025,""month"":12,""search_volume"":10},{""year"":2025,""month"":11,""search_volume"":10},{""year"":2025,""month"":10,""search_volume"":20},{""year"":2025,""month"":9,""search_volume"":30},{""year"":2025,""month"":8,""search_volume"":50},{""year"":2025,""month"":7,""search_volume"":20},{""year"":2025,""month"":6,""search_volume"":50},{""year"":2025,""month"":5,""search_volume"":70},{""year"":2025,""month"":4,""search_volume"":70}]",
marketing campaign reporting software,marketing_reporting,10,,,,,,,,,-100.0,,,,"[{""year"":2026,""month"":3,""search_volume"":0},{""year"":2026,""month"":2,""search_volume"":0},{""year"":2026,""month"":1,""search_volume"":0},{""year"":2025,""month"":12,""search_volume"":0},{""year"":2025,""month"":11,""search_volume"":10},{""year"":2025,""month"":10,""search_volume"":0},{""year"":2025,""month"":9,""search_volume"":10},{""year"":2025,""month"":8,""search_volume"":10},{""year"":2025,""month"":7,""search_volume"":10},{""year"":2025,""month"":6,""search_volume"":10},{""year"":2025,""month"":5,""search_volume"":0},{""year"":2025,""month"":4,""search_volume"":0}]",
digital marketing reporting automation,marketing_reporting,10,,,,,,,,,-100.0,,,,"[{""year"":2026,""month"":3,""search_volume"":0},{""year"":2026,""month"":2,""search_volume"":0},{""year"":2026,""month"":1,""search_volume"":0},{""year"":2025,""month"":12,""search_volume"":0},{""year"":2025,""month"":11,""search_volume"":10},{""year"":2025,""month"":10,""search_volume"":0},{""year"":2025,""month"":9,""search_volume"":10},{""year"":2025,""month"":8,""search_volume"":0},{""year"":2025,""month"":7,""search_volume"":10},{""year"":2025,""month"":6,""search_volume"":10},{""year"":2025,""month"":5,""search_volume"":20},{""year"":2025,""month"":4,""search_volume"":10}]",
affiliate reporting software,marketing_reporting,10,,36,MEDIUM,,,,,,0.0,0.0,,,"[{""year"":2026,""month"":3,""search_volume"":10},{""year"":2026,""month"":2,""search_volume"":0},{""year"":2026,""month"":1,""search_volume"":10},{""year"":2025,""month"":12,""search_volume"":0},{""year"":2025,""month"":11,""search_volume"":10},{""year"":2025,""month"":10,""search_volume"":10},{""year"":2025,""month"":9,""search_volume"":0},{""year"":2025,""month"":8,""search_volume"":10},{""year"":2025,""month"":7,""search_volume"":10},{""year"":2025,""month"":6,""search_volume"":10},{""year"":2025,""month"":5,""search_volume"":10},{""year"":2025,""month"":4,""search_volume"":10}]",
digital marketing reporting for agencies,marketing_reporting,,,,,,,,,,,,,,[],
digital marketing reporting platform,marketing_reporting,,,,,,,,,,,,,,[],
digital marketing reporting reports,marketing_reporting,,,,,,,,,,,,,,[],
marketing reporting for agencies,marketing_reporting,,,,,,,,,,,,,,[],
marketing reporting for digital agencies,marketing_reporting,,,,,,,,,,,,,,[],
marketing reporting for marketing agencies,marketing_reporting,,,,,,,,,,,,,,[],
marketing reporting for small agencies,marketing_reporting,,,,,,,,,,,,,,[],
marketing reporting reports,marketing_reporting,,,,,,,,,,,,,,[],
ads reporting software,marketing_reporting,,,,,,,,,,,,,,[],
digital marketing reporting for digital agencies,marketing_reporting,,,,,,,,,,,,,,[],
digital marketing reporting for marketing agencies,marketing_reporting,,,,,,,,,,,,,,[],
digital marketing reporting for small agencies,marketing_reporting,,,,,,,,,,,,,,[],
simple affiliate tracking software report,marketing_reporting,,,,,,,,,,,,,,[],
ppc reporting template,paid_ads_reporting,320,13.19,1,LOW,3.98,15,,,,91.3,-55.6,,,"[{""year"":2026,""month"":3,""search_volume"":320},{""year"":2026,""month"":2,""search_volume"":50},{""year"":2026,""month"":1,""search_volume"":70},{""year"":2025,""month"":12,""search_volume"":70},{""year"":2025,""month"":11,""search_volume"":70},{""year"":2025,""month"":10,""search_volume"":90},{""year"":2025,""month"":9,""search_volume"":720},{""year"":2025,""month"":8,""search_volume"":260},{""year"":2025,""month"":7,""search_volume"":170},{""year"":2025,""month"":6,""search_volume"":480},{""year"":2025,""month"":5,""search_volume"":720},{""year"":2025,""month"":4,""search_volume"":720}]",
ppc reporting tool,paid_ads_reporting,260,102.68,3,LOW,20.49,130.15,,,,100.0,-55.9,,,"[{""year"":2026,""month"":3,""search_volume"":260},{""year"":2026,""month"":2,""search_volume"":90},{""year"":2026,""month"":1,""search_volume"":70},{""year"":2025,""month"":12,""search_volume"":90},{""year"":2025,""month"":11,""search_volume"":30},{""year"":2025,""month"":10,""search_volume"":90},{""year"":2025,""month"":9,""search_volume"":260},{""year"":2025,""month"":8,""search_volume"":210},{""year"":2025,""month"":7,""search_volume"":210},{""year"":2025,""month"":6,""search_volume"":590},{""year"":2025,""month"":5,""search_volume"":590},{""year"":2025,""month"":4,""search_volume"":590}]",
ppc management software,paid_ads_reporting,260,42.86,4,LOW,11.84,43.49,,,,52.0,-55.9,,,"[{""year"":2026,""month"":3,""search_volume"":260},{""year"":2026,""month"":2,""search_volume"":70},{""year"":2026,""month"":1,""search_volume"":50},{""year"":2025,""month"":12,""search_volume"":90},{""year"":2025,""month"":11,""search_volume"":50},{""year"":2025,""month"":10,""search_volume"":110},{""year"":2025,""month"":9,""search_volume"":260},{""year"":2025,""month"":8,""search_volume"":320},{""year"":2025,""month"":7,""search_volume"":260},{""year"":2025,""month"":6,""search_volume"":590},{""year"":2025,""month"":5,""search_volume"":720},{""year"":2025,""month"":4,""search_volume"":590}]",
facebook ads reporting tool,paid_ads_reporting,210,54.46,1,LOW,19.93,45.34,,,,142.9,-46.2,,,"[{""year"":2026,""month"":3,""search_volume"":210},{""year"":2026,""month"":2,""search_volume"":40},{""year"":2026,""month"":1,""search_volume"":90},{""year"":2025,""month"":12,""search_volume"":90},{""year"":2025,""month"":11,""search_volume"":10},{""year"":2025,""month"":10,""search_volume"":40},{""year"":2025,""month"":9,""search_volume"":480},{""year"":2025,""month"":8,""search_volume"":110},{""year"":2025,""month"":7,""search_volume"":90},{""year"":2025,""month"":6,""search_volume"":320},{""year"":2025,""month"":5,""search_volume"":390},{""year"":2025,""month"":4,""search_volume"":390}]",
google ads reporting tool,paid_ads_reporting,210,17.9,6,LOW,9.38,35.15,,,,15.8,-34.4,,,"[{""year"":2026,""month"":3,""search_volume"":210},{""year"":2026,""month"":2,""search_volume"":90},{""year"":2026,""month"":1,""search_volume"":140},{""year"":2025,""month"":12,""search_volume"":170},{""year"":2025,""month"":11,""search_volume"":70},{""year"":2025,""month"":10,""search_volume"":140},{""year"":2025,""month"":9,""search_volume"":170},{""year"":2025,""month"":8,""search_volume"":140},{""year"":2025,""month"":7,""search_volume"":210},{""year"":2025,""month"":6,""search_volume"":260},{""year"":2025,""month"":5,""search_volume"":390},{""year"":2025,""month"":4,""search_volume"":320}]",
facebook ads reporting template,paid_ads_reporting,170,,1,LOW,,,,,,230.0,-18.8,,,"[{""year"":2026,""month"":3,""search_volume"":260},{""year"":2026,""month"":2,""search_volume"":20},{""year"":2026,""month"":1,""search_volume"":50},{""year"":2025,""month"":12,""search_volume"":50},{""year"":2025,""month"":11,""search_volume"":20},{""year"":2025,""month"":10,""search_volume"":30},{""year"":2025,""month"":9,""search_volume"":480},{""year"":2025,""month"":8,""search_volume"":110},{""year"":2025,""month"":7,""search_volume"":70},{""year"":2025,""month"":6,""search_volume"":210},{""year"":2025,""month"":5,""search_volume"":320},{""year"":2025,""month"":4,""search_volume"":320}]",
google ads reporting template,paid_ads_reporting,170,10.29,7,LOW,4.38,11.71,,,,58.8,-46.9,,,"[{""year"":2026,""month"":3,""search_volume"":170},{""year"":2026,""month"":2,""search_volume"":50},{""year"":2026,""month"":1,""search_volume"":50},{""year"":2025,""month"":12,""search_volume"":90},{""year"":2025,""month"":11,""search_volume"":30},{""year"":2025,""month"":10,""search_volume"":50},{""year"":2025,""month"":9,""search_volume"":260},{""year"":2025,""month"":8,""search_volume"":140},{""year"":2025,""month"":7,""search_volume"":140},{""year"":2025,""month"":6,""search_volume"":320},{""year"":2025,""month"":5,""search_volume"":390},{""year"":2025,""month"":4,""search_volume"":320}]",
ppc reporting software,paid_ads_reporting,140,,0,LOW,,,,,,266.7,-34.6,,,"[{""year"":2026,""month"":3,""search_volume"":170},{""year"":2026,""month"":2,""search_volume"":20},{""year"":2026,""month"":1,""search_volume"":30},{""year"":2025,""month"":12,""search_volume"":20},{""year"":2025,""month"":11,""search_volume"":10},{""year"":2025,""month"":10,""search_volume"":30},{""year"":2025,""month"":9,""search_volume"":50},{""year"":2025,""month"":8,""search_volume"":140},{""year"":2025,""month"":7,""search_volume"":110},{""year"":2025,""month"":6,""search_volume"":320},{""year"":2025,""month"":5,""search_volume"":320},{""year"":2025,""month"":4,""search_volume"":260}]",
ppc reporting platform,paid_ads_reporting,90,,0,LOW,,,,,,240.0,-57.1,,,"[{""year"":2026,""month"":3,""search_volume"":90},{""year"":2026,""month"":2,""search_volume"":40},{""year"":2026,""month"":1,""search_volume"":40},{""year"":2025,""month"":12,""search_volume"":10},{""year"":2025,""month"":11,""search_volume"":10},{""year"":2025,""month"":10,""search_volume"":30},{""year"":2025,""month"":9,""search_volume"":50},{""year"":2025,""month"":8,""search_volume"":110},{""year"":2025,""month"":7,""search_volume"":90},{""year"":2025,""month"":6,""search_volume"":210},{""year"":2025,""month"":5,""search_volume"":260},{""year"":2025,""month"":4,""search_volume"":210}]",
facebook ads reporting software,paid_ads_reporting,70,,0,LOW,,,,,,150.0,-76.2,,,"[{""year"":2026,""month"":3,""search_volume"":50},{""year"":2026,""month"":2,""search_volume"":30},{""year"":2026,""month"":1,""search_volume"":20},{""year"":2025,""month"":12,""search_volume"":20},{""year"":2025,""month"":11,""search_volume"":10},{""year"":2025,""month"":10,""search_volume"":10},{""year"":2025,""month"":9,""search_volume"":110},{""year"":2025,""month"":8,""search_volume"":70},{""year"":2025,""month"":7,""search_volume"":90},{""year"":2025,""month"":6,""search_volume"":140},{""year"":2025,""month"":5,""search_volume"":140},{""year"":2025,""month"":4,""search_volume"":210}]",
ppc reporting for clients,paid_ads_reporting,50,,0,LOW,,,,,,166.7,-70.6,,,"[{""year"":2026,""month"":3,""search_volume"":50},{""year"":2026,""month"":2,""search_volume"":10},{""year"":2026,""month"":1,""search_volume"":20},{""year"":2025,""month"":12,""search_volume"":10},{""year"":2025,""month"":11,""search_volume"":10},{""year"":2025,""month"":10,""search_volume"":10},{""year"":2025,""month"":9,""search_volume"":50},{""year"":2025,""month"":8,""search_volume"":30},{""year"":2025,""month"":7,""search_volume"":30},{""year"":2025,""month"":6,""search_volume"":110},{""year"":2025,""month"":5,""search_volume"":140},{""year"":2025,""month"":4,""search_volume"":170}]",
google ads reporting software,paid_ads_reporting,30,,9,LOW,17.67,34.6,,,,33.3,-71.4,,,"[{""year"":2026,""month"":3,""search_volume"":20},{""year"":2026,""month"":2,""search_volume"":10},{""year"":2026,""month"":1,""search_volume"":10},{""year"":2025,""month"":12,""search_volume"":10},{""year"":2025,""month"":11,""search_volume"":10},{""year"":2025,""month"":10,""search_volume"":10},{""year"":2025,""month"":9,""search_volume"":90},{""year"":2025,""month"":8,""search_volume"":30},{""year"":2025,""month"":7,""search_volume"":20},{""year"":2025,""month"":6,""search_volume"":70},{""year"":2025,""month"":5,""search_volume"":50},{""year"":2025,""month"":4,""search_volume"":70}]",
facebook ads reporting dashboard,paid_ads_reporting,20,,0,LOW,,,,,,133.3,66.7,,,"[{""year"":2026,""month"":3,""search_volume"":50},{""year"":2026,""month"":2,""search_volume"":10},{""year"":2026,""month"":1,""search_volume"":10},{""year"":2025,""month"":12,""search_volume"":10},{""year"":2025,""month"":11,""search_volume"":10},{""year"":2025,""month"":10,""search_volume"":10},{""year"":2025,""month"":9,""search_volume"":10},{""year"":2025,""month"":8,""search_volume"":20},{""year"":2025,""month"":7,""search_volume"":10},{""year"":2025,""month"":6,""search_volume"":30},{""year"":2025,""month"":5,""search_volume"":20},{""year"":2025,""month"":4,""search_volume"":30}]",
google ads reporting dashboard,paid_ads_reporting,20,,4,LOW,,,,,,33.3,0.0,,,"[{""year"":2026,""month"":3,""search_volume"":40},{""year"":2026,""month"":2,""search_volume"":20},{""year"":2026,""month"":1,""search_volume"":20},{""year"":2025,""month"":12,""search_volume"":20},{""year"":2025,""month"":11,""search_volume"":20},{""year"":2025,""month"":10,""search_volume"":20},{""year"":2025,""month"":9,""search_volume"":20},{""year"":2025,""month"":8,""search_volume"":10},{""year"":2025,""month"":7,""search_volume"":30},{""year"":2025,""month"":6,""search_volume"":40},{""year"":2025,""month"":5,""search_volume"":20},{""year"":2025,""month"":4,""search_volume"":40}]",
best facebook ads reporting tool,paid_ads_reporting,20,,0,LOW,,,,,,0.0,-75.0,,,"[{""year"":2026,""month"":3,""search_volume"":10},{""year"":2026,""month"":2,""search_volume"":10},{""year"":2026,""month"":1,""search_volume"":10},{""year"":2025,""month"":12,""search_volume"":10},{""year"":2025,""month"":11,""search_volume"":10},{""year"":2025,""month"":10,""search_volume"":10},{""year"":2025,""month"":9,""search_volume"":70},{""year"":2025,""month"":8,""search_volume"":10},{""year"":2025,""month"":7,""search_volume"":10},{""year"":2025,""month"":6,""search_volume"":10},{""year"":2025,""month"":5,""search_volume"":20},{""year"":2025,""month"":4,""search_volume"":40}]",
free facebook ads reporting tool,paid_ads_reporting,20,,0,LOW,,,,,,33.3,-50.0,,,"[{""year"":2026,""month"":3,""search_volume"":20},{""year"":2026,""month"":2,""search_volume"":10},{""year"":2026,""month"":1,""search_volume"":10},{""year"":2025,""month"":12,""search_volume"":10},{""year"":2025,""month"":11,""search_volume"":10},{""year"":2025,""month"":10,""search_volume"":10},{""year"":2025,""month"":9,""search_volume"":90},{""year"":2025,""month"":8,""search_volume"":10},{""year"":2025,""month"":7,""search_volume"":10},{""year"":2025,""month"":6,""search_volume"":10},{""year"":2025,""month"":5,""search_volume"":20},{""year"":2025,""month"":4,""search_volume"":40}]",
facebook ads reporting platform,paid_ads_reporting,20,,0,LOW,,,,,,100.0,33.3,,,"[{""year"":2026,""month"":3,""search_volume"":40},{""year"":2026,""month"":2,""search_volume"":0},{""year"":2026,""month"":1,""search_volume"":0},{""year"":2025,""month"":12,""search_volume"":10},{""year"":2025,""month"":11,""search_volume"":0},{""year"":2025,""month"":10,""search_volume"":10},{""year"":2025,""month"":9,""search_volume"":10},{""year"":2025,""month"":8,""search_volume"":10},{""year"":2025,""month"":7,""search_volume"":10},{""year"":2025,""month"":6,""search_volume"":70},{""year"":2025,""month"":5,""search_volume"":40},{""year"":2025,""month"":4,""search_volume"":30}]",
meta ads reporting template,paid_ads_reporting,20,21.46,22,LOW,3.17,8.67,,,,33.3,-60.0,,,"[{""year"":2026,""month"":3,""search_volume"":20},{""year"":2026,""month"":2,""search_volume"":10},{""year"":2026,""month"":1,""search_volume"":10},{""year"":2025,""month"":12,""search_volume"":10},{""year"":2025,""month"":11,""search_volume"":10},{""year"":2025,""month"":10,""search_volume"":10},{""year"":2025,""month"":9,""search_volume"":70},{""year"":2025,""month"":8,""search_volume"":20},{""year"":2025,""month"":7,""search_volume"":10},{""year"":2025,""month"":6,""search_volume"":10},{""year"":2025,""month"":5,""search_volume"":20},{""year"":2025,""month"":4,""search_volume"":50}]",
ppc reporting dashboard,paid_ads_reporting,10,21.05,2,LOW,,,,,,250.0,400.0,,,"[{""year"":2026,""month"":3,""search_volume"":50},{""year"":2026,""month"":2,""search_volume"":10},{""year"":2026,""month"":1,""search_volume"":10},{""year"":2025,""month"":12,""search_volume"":10},{""year"":2025,""month"":11,""search_volume"":10},{""year"":2025,""month"":10,""search_volume"":0},{""year"":2025,""month"":9,""search_volume"":10},{""year"":2025,""month"":8,""search_volume"":0},{""year"":2025,""month"":7,""search_volume"":10},{""year"":2025,""month"":6,""search_volume"":40},{""year"":2025,""month"":5,""search_volume"":20},{""year"":2025,""month"":4,""search_volume"":10}]",
best google ads reporting tool,paid_ads_reporting,10,,86,HIGH,,,,,,0.0,0.0,,,"[{""year"":2026,""month"":3,""search_volume"":10},{""year"":2026,""month"":2,""search_volume"":0},{""year"":2026,""month"":1,""search_volume"":10},{""year"":2025,""month"":12,""search_volume"":10},{""year"":2025,""month"":11,""search_volume"":10},{""year"":2025,""month"":10,""search_volume"":0},{""year"":2025,""month"":9,""search_volume"":0},{""year"":2025,""month"":8,""search_volume"":10},{""year"":2025,""month"":7,""search_volume"":10},{""year"":2025,""month"":6,""search_volume"":10},{""year"":2025,""month"":5,""search_volume"":10},{""year"":2025,""month"":4,""search_volume"":10}]",
google ads reporting platform,paid_ads_reporting,10,,0,LOW,,,,,,200.0,-50.0,,,"[{""year"":2026,""month"":3,""search_volume"":10},{""year"":2026,""month"":2,""search_volume"":10},{""year"":2026,""month"":1,""search_volume"":10},{""year"":2025,""month"":12,""search_volume"":0},{""year"":2025,""month"":11,""search_volume"":10},{""year"":2025,""month"":10,""search_volume"":0},{""year"":2025,""month"":9,""search_volume"":10},{""year"":2025,""month"":8,""search_volume"":10},{""year"":2025,""month"":7,""search_volume"":10},{""year"":2025,""month"":6,""search_volume"":50},{""year"":2025,""month"":5,""search_volume"":20},{""year"":2025,""month"":4,""search_volume"":20}]",
meta ads reporting dashboard,paid_ads_reporting,10,12.57,24,LOW,,,,,,0.0,1000.0,,,"[{""year"":2026,""month"":3,""search_volume"":10},{""year"":2026,""month"":2,""search_volume"":10},{""year"":2026,""month"":1,""search_volume"":10},{""year"":2025,""month"":12,""search_volume"":10},{""year"":2025,""month"":11,""search_volume"":10},{""year"":2025,""month"":10,""search_volume"":10},{""year"":2025,""month"":9,""search_volume"":10},{""year"":2025,""month"":8,""search_volume"":10},{""year"":2025,""month"":7,""search_volume"":10},{""year"":2025,""month"":6,""search_volume"":10},{""year"":2025,""month"":5,""search_volume"":0},{""year"":2025,""month"":4,""search_volume"":0}]",
meta ads reporting tool,paid_ads_reporting,10,42.88,35,MEDIUM,22.24,52.99,,,,66.7,100.0,,,"[{""year"":2026,""month"":3,""search_volume"":20},{""year"":2026,""month"":2,""search_volume"":20},{""year"":2026,""month"":1,""search_volume"":10},{""year"":2025,""month"":12,""search_volume"":10},{""year"":2025,""month"":11,""search_volume"":10},{""year"":2025,""month"":10,""search_volume"":10},{""year"":2025,""month"":9,""search_volume"":10},{""year"":2025,""month"":8,""search_volume"":10},{""year"":2025,""month"":7,""search_volume"":10},{""year"":2025,""month"":6,""search_volume"":10},{""year"":2025,""month"":5,""search_volume"":10},{""year"":2025,""month"":4,""search_volume"":10}]",
ppc reporting for agencies,paid_ads_reporting,0,,,,,,,,,,,,,"[{""year"":2026,""month"":3,""search_volume"":0},{""year"":2026,""month"":2,""search_volume"":0},{""year"":2026,""month"":1,""search_volume"":0},{""year"":2025,""month"":12,""search_volume"":0},{""year"":2025,""month"":11,""search_volume"":0},{""year"":2025,""month"":10,""search_volume"":0},{""year"":2025,""month"":9,""search_volume"":0},{""year"":2025,""month"":8,""search_volume"":0},{""year"":2025,""month"":7,""search_volume"":0},{""year"":2025,""month"":6,""search_volume"":0},{""year"":2025,""month"":5,""search_volume"":0},{""year"":2025,""month"":4,""search_volume"":0}]",
facebook ads reporting automation,paid_ads_reporting,,,,,,,,,,,,,,[],
facebook ads reporting for clients,paid_ads_reporting,,,,,,,,,,,,,,[],
google ads reporting automation,paid_ads_reporting,,,,,,,,,,,,,,[],
google ads reporting for clients,paid_ads_reporting,,,,,,,,,,,,,,[],
facebook ads reporting for marketing agencies,paid_ads_reporting,,,,,,,,,,,,,,[],
google ads reporting for marketing agencies,paid_ads_reporting,,,,,,,,,,,,,,[],
paid ads reporting dashboard,paid_ads_reporting,,,,,,,,,,,,,,[],
ppc reporting automation,paid_ads_reporting,,,,,,,,,,,,,,[],
ppc reporting for marketing agencies,paid_ads_reporting,,,,,,,,,,,,,,[],
paid ads reporting automation,paid_ads_reporting,,,,,,,,,,,,,,[],
paid ads reporting for clients,paid_ads_reporting,,,,,,,,,,,,,,[],
facebook ads reporting for agencies,paid_ads_reporting,,,,,,,,,,,,,,[],
facebook ads reporting reports,paid_ads_reporting,,,,,,,,,,,,,,[],
google ads reporting for agencies,paid_ads_reporting,,,,,,,,,,,,,,[],
google ads reporting reports,paid_ads_reporting,,,,,,,,,,,,,,[],
paid ads reporting for marketing agencies,paid_ads_reporting,,,,,,,,,,,,,,[],
paid ads reporting software,paid_ads_reporting,,,,,,,,,,,,,,[],
paid ads reporting tool,paid_ads_reporting,,,,,,,,,,,,,,[],
facebook ads reporting for digital agencies,paid_ads_reporting,,,,,,,,,,,,,,[],
facebook ads reporting for small agencies,paid_ads_reporting,,,,,,,,,,,,,,[],
google ads reporting for digital agencies,paid_ads_reporting,,,,,,,,,,,,,,[],
google ads reporting for small agencies,paid_ads_reporting,,,,,,,,,,,,,,[],
meta ads reporting automation,paid_ads_reporting,,,,,,,,,,,,,,[],
meta ads reporting for clients,paid_ads_reporting,,,,,,,,,,,,,,[],
ppc reporting for digital agencies,paid_ads_reporting,,,,,,,,,,,,,,[],
ppc reporting for small agencies,paid_ads_reporting,,,,,,,,,,,,,,[],
ppc reporting reports,paid_ads_reporting,,,,,,,,,,,,,,[],
meta ads reporting for marketing agencies,paid_ads_reporting,,,,,,,,,,,,,,[],
meta ads reporting software,paid_ads_reporting,,,,,,,,,,,,,,[],
paid ads reporting for agencies,paid_ads_reporting,,,,,,,,,,,,,,[],
paid ads reporting platform,paid_ads_reporting,,,,,,,,,,,,,,[],
paid ads reporting reports,paid_ads_reporting,,,,,,,,,,,,,,[],
paid ads reporting template,paid_ads_reporting,,,,,,,,,,,,,,[],
paid ads reporting for digital agencies,paid_ads_reporting,,,,,,,,,,,,,,[],
paid ads reporting for small agencies,paid_ads_reporting,,,,,,,,,,,,,,[],
meta ads reporting for agencies,paid_ads_reporting,,,,,,,,,,,,,,[],
meta ads reporting platform,paid_ads_reporting,,,,,,,,,,,,,,[],
meta ads reporting reports,paid_ads_reporting,,,,,,,,,,,,,,[],
meta ads reporting for digital agencies,paid_ads_reporting,,,,,,,,,,,,,,[],
meta ads reporting for small agencies,paid_ads_reporting,,,,,,,,,,,,,,[],
seo reporting for clients,seo_reporting,1300,,0,LOW,7.5,25.38,,,,24.0,-83.6,,,"[{""year"":2026,""month"":3,""search_volume"":720},{""year"":2026,""month"":2,""search_volume"":260},{""year"":2026,""month"":1,""search_volume"":260},{""year"":2025,""month"":12,""search_volume"":260},{""year"":2025,""month"":11,""search_volume"":260},{""year"":2025,""month"":10,""search_volume"":480},{""year"":2025,""month"":9,""search_volume"":2400},{""year"":2025,""month"":8,""search_volume"":1000},{""year"":2025,""month"":7,""search_volume"":720},{""year"":2025,""month"":6,""search_volume"":1900},{""year"":2025,""month"":5,""search_volume"":4400},{""year"":2025,""month"":4,""search_volume"":4400}]",
seo reporting template,seo_reporting,1000,9.37,3,LOW,3.75,12.27,,,,100.0,-75.2,,,"[{""year"":2026,""month"":3,""search_volume"":720},{""year"":2026,""month"":2,""search_volume"":320},{""year"":2026,""month"":1,""search_volume"":320},{""year"":2025,""month"":12,""search_volume"":210},{""year"":2025,""month"":11,""search_volume"":210},{""year"":2025,""month"":10,""search_volume"":260},{""year"":2025,""month"":9,""search_volume"":1000},{""year"":2025,""month"":8,""search_volume"":720},{""year"":2025,""month"":7,""search_volume"":880},{""year"":2025,""month"":6,""search_volume"":1600},{""year"":2025,""month"":5,""search_volume"":2900},{""year"":2025,""month"":4,""search_volume"":2900}]",
seo reporting tool,seo_reporting,720,,1,LOW,15,28.14,,,,53.4,-68.9,,,"[{""year"":2026,""month"":3,""search_volume"":590},{""year"":2026,""month"":2,""search_volume"":210},{""year"":2026,""month"":1,""search_volume"":320},{""year"":2025,""month"":12,""search_volume"":260},{""year"":2025,""month"":11,""search_volume"":210},{""year"":2025,""month"":10,""search_volume"":260},{""year"":2025,""month"":9,""search_volume"":1300},{""year"":2025,""month"":8,""search_volume"":590},{""year"":2025,""month"":7,""search_volume"":320},{""year"":2025,""month"":6,""search_volume"":720},{""year"":2025,""month"":5,""search_volume"":1900},{""year"":2025,""month"":4,""search_volume"":1900}]",
seo reporting dashboard,seo_reporting,590,28.72,1,LOW,8.7,33.08,,,,196.0,-75.6,,,"[{""year"":2026,""month"":3,""search_volume"":390},{""year"":2026,""month"":2,""search_volume"":260},{""year"":2026,""month"":1,""search_volume"":90},{""year"":2025,""month"":12,""search_volume"":50},{""year"":2025,""month"":11,""search_volume"":30},{""year"":2025,""month"":10,""search_volume"":170},{""year"":2025,""month"":9,""search_volume"":390},{""year"":2025,""month"":8,""search_volume"":480},{""year"":2025,""month"":7,""search_volume"":720},{""year"":2025,""month"":6,""search_volume"":1000},{""year"":2025,""month"":5,""search_volume"":1900},{""year"":2025,""month"":4,""search_volume"":1600}]",
seo reporting software,seo_reporting,590,42.72,1,LOW,15.96,36.43,,,,35.7,-74.7,,,"[{""year"":2026,""month"":3,""search_volume"":480},{""year"":2026,""month"":2,""search_volume"":170},{""year"":2026,""month"":1,""search_volume"":110},{""year"":2025,""month"":12,""search_volume"":140},{""year"":2025,""month"":11,""search_volume"":210},{""year"":2025,""month"":10,""search_volume"":210},{""year"":2025,""month"":9,""search_volume"":390},{""year"":2025,""month"":8,""search_volume"":480},{""year"":2025,""month"":7,""search_volume"":590},{""year"":2025,""month"":6,""search_volume"":720},{""year"":2025,""month"":5,""search_volume"":1900},{""year"":2025,""month"":4,""search_volume"":1900}]",
best seo reporting software,seo_reporting,480,,1,LOW,10.44,23.17,,,,820.0,-89.2,,,"[{""year"":2026,""month"":3,""search_volume"":260},{""year"":2026,""month"":2,""search_volume"":90},{""year"":2026,""month"":1,""search_volume"":110},{""year"":2025,""month"":12,""search_volume"":20},{""year"":2025,""month"":11,""search_volume"":20},{""year"":2025,""month"":10,""search_volume"":10},{""year"":2025,""month"":9,""search_volume"":170},{""year"":2025,""month"":8,""search_volume"":260},{""year"":2025,""month"":7,""search_volume"":260},{""year"":2025,""month"":6,""search_volume"":480},{""year"":2025,""month"":5,""search_volume"":1300},{""year"":2025,""month"":4,""search_volume"":2400}]",
seo agency reporting software,seo_reporting,260,60.22,1,LOW,,,,,,-52.0,-77.1,,,"[{""year"":2026,""month"":3,""search_volume"":110},{""year"":2026,""month"":2,""search_volume"":110},{""year"":2026,""month"":1,""search_volume"":140},{""year"":2025,""month"":12,""search_volume"":170},{""year"":2025,""month"":11,""search_volume"":260},{""year"":2025,""month"":10,""search_volume"":320},{""year"":2025,""month"":9,""search_volume"":1300},{""year"":2025,""month"":8,""search_volume"":140},{""year"":2025,""month"":7,""search_volume"":50},{""year"":2025,""month"":6,""search_volume"":90},{""year"":2025,""month"":5,""search_volume"":260},{""year"":2025,""month"":4,""search_volume"":480}]",
seo reporting software for clients,seo_reporting,210,,0,LOW,,,,,,138.5,-76.3,,,"[{""year"":2026,""month"":3,""search_volume"":140},{""year"":2026,""month"":2,""search_volume"":30},{""year"":2026,""month"":1,""search_volume"":140},{""year"":2025,""month"":12,""search_volume"":40},{""year"":2025,""month"":11,""search_volume"":70},{""year"":2025,""month"":10,""search_volume"":20},{""year"":2025,""month"":9,""search_volume"":480},{""year"":2025,""month"":8,""search_volume"":140},{""year"":2025,""month"":7,""search_volume"":170},{""year"":2025,""month"":6,""search_volume"":260},{""year"":2025,""month"":5,""search_volume"":390},{""year"":2025,""month"":4,""search_volume"":590}]",
seo reporting software free,seo_reporting,210,,0,LOW,,,,,,-73.7,-89.6,,,"[{""year"":2026,""month"":3,""search_volume"":50},{""year"":2026,""month"":2,""search_volume"":30},{""year"":2026,""month"":1,""search_volume"":70},{""year"":2025,""month"":12,""search_volume"":170},{""year"":2025,""month"":11,""search_volume"":260},{""year"":2025,""month"":10,""search_volume"":140},{""year"":2025,""month"":9,""search_volume"":1000},{""year"":2025,""month"":8,""search_volume"":170},{""year"":2025,""month"":7,""search_volume"":30},{""year"":2025,""month"":6,""search_volume"":30},{""year"":2025,""month"":5,""search_volume"":210},{""year"":2025,""month"":4,""search_volume"":480}]",
seo reporting platform,seo_reporting,210,,0,LOW,,,,,,-49.0,-73.1,,,"[{""year"":2026,""month"":3,""search_volume"":70},{""year"":2026,""month"":2,""search_volume"":70},{""year"":2026,""month"":1,""search_volume"":110},{""year"":2025,""month"":12,""search_volume"":90},{""year"":2025,""month"":11,""search_volume"":140},{""year"":2025,""month"":10,""search_volume"":260},{""year"":2025,""month"":9,""search_volume"":480},{""year"":2025,""month"":8,""search_volume"":110},{""year"":2025,""month"":7,""search_volume"":140},{""year"":2025,""month"":6,""search_volume"":260},{""year"":2025,""month"":5,""search_volume"":320},{""year"":2025,""month"":4,""search_volume"":260}]",
seo reporting for agencies,seo_reporting,140,58.18,2,LOW,6.3,34.83,,,,-5.3,-65.6,,,"[{""year"":2026,""month"":3,""search_volume"":110},{""year"":2026,""month"":2,""search_volume"":40},{""year"":2026,""month"":1,""search_volume"":30},{""year"":2025,""month"":12,""search_volume"":70},{""year"":2025,""month"":11,""search_volume"":50},{""year"":2025,""month"":10,""search_volume"":70},{""year"":2025,""month"":9,""search_volume"":590},{""year"":2025,""month"":8,""search_volume"":110},{""year"":2025,""month"":7,""search_volume"":70},{""year"":2025,""month"":6,""search_volume"":170},{""year"":2025,""month"":5,""search_volume"":210},{""year"":2025,""month"":4,""search_volume"":320}]",
free seo reporting software,seo_reporting,110,,0,LOW,,,,,,-66.7,-90.5,,,"[{""year"":2026,""month"":3,""search_volume"":20},{""year"":2026,""month"":2,""search_volume"":40},{""year"":2026,""month"":1,""search_volume"":50},{""year"":2025,""month"":12,""search_volume"":90},{""year"":2025,""month"":11,""search_volume"":170},{""year"":2025,""month"":10,""search_volume"":70},{""year"":2025,""month"":9,""search_volume"":590},{""year"":2025,""month"":8,""search_volume"":70},{""year"":2025,""month"":7,""search_volume"":10},{""year"":2025,""month"":6,""search_volume"":20},{""year"":2025,""month"":5,""search_volume"":90},{""year"":2025,""month"":4,""search_volume"":210}]",
seo verification tool,seo_reporting,10,,,,,,,,,-50.0,,,,"[{""year"":2026,""month"":3,""search_volume"":0},{""year"":2026,""month"":2,""search_volume"":0},{""year"":2026,""month"":1,""search_volume"":10},{""year"":2025,""month"":12,""search_volume"":10},{""year"":2025,""month"":11,""search_volume"":10},{""year"":2025,""month"":10,""search_volume"":0},{""year"":2025,""month"":9,""search_volume"":10},{""year"":2025,""month"":8,""search_volume"":10},{""year"":2025,""month"":7,""search_volume"":10},{""year"":2025,""month"":6,""search_volume"":10},{""year"":2025,""month"":5,""search_volume"":0},{""year"":2025,""month"":4,""search_volume"":10}]",
seo reporting automation,seo_reporting,,,,,,,,,,,,,,[],
seo reporting for marketing agencies,seo_reporting,,,,,,,,,,,,,,[],
seo reporting for digital agencies,seo_reporting,,,,,,,,,,,,,,[],
seo reporting for small agencies,seo_reporting,,,,,,,,,,,,,,[],
seo reporting reports,seo_reporting,,,,,,,,,,,,,,[],
seo project manager software,seo_reporting,,,,,,,,,,,,,,[],
social media reporting template,social_reporting,720,12.04,17,LOW,3.61,12,,,,50.0,-32.3,,,"[{""year"":2026,""month"":3,""search_volume"":880},{""year"":2026,""month"":2,""search_volume"":320},{""year"":2026,""month"":1,""search_volume"":480},{""year"":2025,""month"":12,""search_volume"":320},{""year"":2025,""month"":11,""search_volume"":320},{""year"":2025,""month"":10,""search_volume"":480},{""year"":2025,""month"":9,""search_volume"":720},{""year"":2025,""month"":8,""search_volume"":720},{""year"":2025,""month"":7,""search_volume"":590},{""year"":2025,""month"":6,""search_volume"":1300},{""year"":2025,""month"":5,""search_volume"":1600},{""year"":2025,""month"":4,""search_volume"":1300}]",
social media reporting tool,social_reporting,590,76.97,4,LOW,20.07,76.37,,,,152.4,-44.6,,,"[{""year"":2026,""month"":3,""search_volume"":720},{""year"":2026,""month"":2,""search_volume"":170},{""year"":2026,""month"":1,""search_volume"":170},{""year"":2025,""month"":12,""search_volume"":170},{""year"":2025,""month"":11,""search_volume"":110},{""year"":2025,""month"":10,""search_volume"":140},{""year"":2025,""month"":9,""search_volume"":1300},{""year"":2025,""month"":8,""search_volume"":260},{""year"":2025,""month"":7,""search_volume"":260},{""year"":2025,""month"":6,""search_volume"":880},{""year"":2025,""month"":5,""search_volume"":1300},{""year"":2025,""month"":4,""search_volume"":1300}]",
social media reporting software,social_reporting,170,72.46,4,LOW,22.99,57.32,,,,52.9,-56.4,,,"[{""year"":2026,""month"":3,""search_volume"":170},{""year"":2026,""month"":2,""search_volume"":40},{""year"":2026,""month"":1,""search_volume"":50},{""year"":2025,""month"":12,""search_volume"":70},{""year"":2025,""month"":11,""search_volume"":50},{""year"":2025,""month"":10,""search_volume"":50},{""year"":2025,""month"":9,""search_volume"":390},{""year"":2025,""month"":8,""search_volume"":110},{""year"":2025,""month"":7,""search_volume"":90},{""year"":2025,""month"":6,""search_volume"":320},{""year"":2025,""month"":5,""search_volume"":480},{""year"":2025,""month"":4,""search_volume"":390}]",
social media reporting dashboard,social_reporting,90,91.86,2,LOW,,,,,,183.3,-35.3,,,"[{""year"":2026,""month"":3,""search_volume"":110},{""year"":2026,""month"":2,""search_volume"":10},{""year"":2026,""month"":1,""search_volume"":50},{""year"":2025,""month"":12,""search_volume"":20},{""year"":2025,""month"":11,""search_volume"":10},{""year"":2025,""month"":10,""search_volume"":30},{""year"":2025,""month"":9,""search_volume"":30},{""year"":2025,""month"":8,""search_volume"":50},{""year"":2025,""month"":7,""search_volume"":90},{""year"":2025,""month"":6,""search_volume"":170},{""year"":2025,""month"":5,""search_volume"":170},{""year"":2025,""month"":4,""search_volume"":170}]",
social media reporting for agencies,social_reporting,20,,4,LOW,,,,,,0.0,-80.0,,,"[{""year"":2026,""month"":3,""search_volume"":10},{""year"":2026,""month"":2,""search_volume"":10},{""year"":2026,""month"":1,""search_volume"":0},{""year"":2025,""month"":12,""search_volume"":10},{""year"":2025,""month"":11,""search_volume"":10},{""year"":2025,""month"":10,""search_volume"":0},{""year"":2025,""month"":9,""search_volume"":10},{""year"":2025,""month"":8,""search_volume"":30},{""year"":2025,""month"":7,""search_volume"":10},{""year"":2025,""month"":6,""search_volume"":50},{""year"":2025,""month"":5,""search_volume"":70},{""year"":2025,""month"":4,""search_volume"":50}]",
social media reporting platform,social_reporting,20,,16,LOW,33.99,131,,,,66.7,-71.4,,,"[{""year"":2026,""month"":3,""search_volume"":20},{""year"":2026,""month"":2,""search_volume"":10},{""year"":2026,""month"":1,""search_volume"":20},{""year"":2025,""month"":12,""search_volume"":10},{""year"":2025,""month"":11,""search_volume"":10},{""year"":2025,""month"":10,""search_volume"":10},{""year"":2025,""month"":9,""search_volume"":10},{""year"":2025,""month"":8,""search_volume"":20},{""year"":2025,""month"":7,""search_volume"":10},{""year"":2025,""month"":6,""search_volume"":30},{""year"":2025,""month"":5,""search_volume"":70},{""year"":2025,""month"":4,""search_volume"":70}]",
best social media reporting software,social_reporting,10,,,,,,,,,0.0,,,,"[{""year"":2026,""month"":3,""search_volume"":0},{""year"":2026,""month"":2,""search_volume"":10},{""year"":2026,""month"":1,""search_volume"":10},{""year"":2025,""month"":12,""search_volume"":0},{""year"":2025,""month"":11,""search_volume"":10},{""year"":2025,""month"":10,""search_volume"":10},{""year"":2025,""month"":9,""search_volume"":0},{""year"":2025,""month"":8,""search_volume"":10},{""year"":2025,""month"":7,""search_volume"":10},{""year"":2025,""month"":6,""search_volume"":40},{""year"":2025,""month"":5,""search_volume"":20},{""year"":2025,""month"":4,""search_volume"":10}]",
software is commonly used for social media analytics and reporting,social_reporting,0,,,,,,,,,,,,,"[{""year"":2026,""month"":3,""search_volume"":0},{""year"":2026,""month"":2,""search_volume"":0},{""year"":2026,""month"":1,""search_volume"":0},{""year"":2025,""month"":12,""search_volume"":0},{""year"":2025,""month"":11,""search_volume"":0},{""year"":2025,""month"":10,""search_volume"":0},{""year"":2025,""month"":9,""search_volume"":0},{""year"":2025,""month"":8,""search_volume"":0},{""year"":2025,""month"":7,""search_volume"":0},{""year"":2025,""month"":6,""search_volume"":0},{""year"":2025,""month"":5,""search_volume"":0},{""year"":2025,""month"":4,""search_volume"":0}]",
social media reporting automation,social_reporting,,,,,,,,,,,,,,[],
social media reporting for clients,social_reporting,,,,,,,,,,,,,,[],
social media reporting for marketing agencies,social_reporting,,,,,,,,,,,,,,[],
social media reporting reports,social_reporting,,,,,,,,,,,,,,[],
social media reporting for digital agencies,social_reporting,,,,,,,,,,,,,,[],
social media reporting for small agencies,social_reporting,,,,,,,,,,,,,,[],
white label seo audit tool,white_label_reporting,480,25.8,4,LOW,12.05,29.7,,,,-14.5,-79.0,,,"[{""year"":2026,""month"":3,""search_volume"":210},{""year"":2026,""month"":2,""search_volume"":90},{""year"":2026,""month"":1,""search_volume"":170},{""year"":2025,""month"":12,""search_volume"":170},{""year"":2025,""month"":11,""search_volume"":170},{""year"":2025,""month"":10,""search_volume"":210},{""year"":2025,""month"":9,""search_volume"":2400},{""year"":2025,""month"":8,""search_volume"":260},{""year"":2025,""month"":7,""search_volume"":140},{""year"":2025,""month"":6,""search_volume"":320},{""year"":2025,""month"":5,""search_volume"":880},{""year"":2025,""month"":4,""search_volume"":1000}]",
white label dashboard,white_label_reporting,90,49.81,8,LOW,11.6,54.01,,,,60.0,-57.1,,,"[{""year"":2026,""month"":3,""search_volume"":90},{""year"":2026,""month"":2,""search_volume"":40},{""year"":2026,""month"":1,""search_volume"":30},{""year"":2025,""month"":12,""search_volume"":30},{""year"":2025,""month"":11,""search_volume"":20},{""year"":2025,""month"":10,""search_volume"":50},{""year"":2025,""month"":9,""search_volume"":90},{""year"":2025,""month"":8,""search_volume"":70},{""year"":2025,""month"":7,""search_volume"":90},{""year"":2025,""month"":6,""search_volume"":210},{""year"":2025,""month"":5,""search_volume"":260},{""year"":2025,""month"":4,""search_volume"":210}]",
white label reporting tool,white_label_reporting,50,,9,LOW,10.33,33.46,,,,50.0,-55.6,,,"[{""year"":2026,""month"":3,""search_volume"":40},{""year"":2026,""month"":2,""search_volume"":10},{""year"":2026,""month"":1,""search_volume"":10},{""year"":2025,""month"":12,""search_volume"":20},{""year"":2025,""month"":11,""search_volume"":10},{""year"":2025,""month"":10,""search_volume"":10},{""year"":2025,""month"":9,""search_volume"":210},{""year"":2025,""month"":8,""search_volume"":20},{""year"":2025,""month"":7,""search_volume"":110},{""year"":2025,""month"":6,""search_volume"":90},{""year"":2025,""month"":5,""search_volume"":50},{""year"":2025,""month"":4,""search_volume"":90}]",
white label dashboard software,white_label_reporting,30,,3,LOW,,,,,,233.3,0.0,,,"[{""year"":2026,""month"":3,""search_volume"":50},{""year"":2026,""month"":2,""search_volume"":10},{""year"":2026,""month"":1,""search_volume"":40},{""year"":2025,""month"":12,""search_volume"":10},{""year"":2025,""month"":11,""search_volume"":10},{""year"":2025,""month"":10,""search_volume"":10},{""year"":2025,""month"":9,""search_volume"":10},{""year"":2025,""month"":8,""search_volume"":20},{""year"":2025,""month"":7,""search_volume"":10},{""year"":2025,""month"":6,""search_volume"":50},{""year"":2025,""month"":5,""search_volume"":70},{""year"":2025,""month"":4,""search_volume"":50}]",
white label reporting software,white_label_reporting,20,,0,LOW,,,,,,50.0,50.0,,,"[{""year"":2026,""month"":3,""search_volume"":30},{""year"":2026,""month"":2,""search_volume"":10},{""year"":2026,""month"":1,""search_volume"":20},{""year"":2025,""month"":12,""search_volume"":20},{""year"":2025,""month"":11,""search_volume"":10},{""year"":2025,""month"":10,""search_volume"":10},{""year"":2025,""month"":9,""search_volume"":10},{""year"":2025,""month"":8,""search_volume"":20},{""year"":2025,""month"":7,""search_volume"":10},{""year"":2025,""month"":6,""search_volume"":40},{""year"":2025,""month"":5,""search_volume"":20},{""year"":2025,""month"":4,""search_volume"":20}]",
white label reporting dashboard,white_label_reporting,10,,0,LOW,,,,,,150.0,200.0,,,"[{""year"":2026,""month"":3,""search_volume"":30},{""year"":2026,""month"":2,""search_volume"":10},{""year"":2026,""month"":1,""search_volume"":10},{""year"":2025,""month"":12,""search_volume"":10},{""year"":2025,""month"":11,""search_volume"":10},{""year"":2025,""month"":10,""search_volume"":0},{""year"":2025,""month"":9,""search_volume"":10},{""year"":2025,""month"":8,""search_volume"":10},{""year"":2025,""month"":7,""search_volume"":10},{""year"":2025,""month"":6,""search_volume"":10},{""year"":2025,""month"":5,""search_volume"":10},{""year"":2025,""month"":4,""search_volume"":10}]",
white label dashboard platform,white_label_reporting,10,,0,LOW,,,,,,50.0,-50.0,,,"[{""year"":2026,""month"":3,""search_volume"":10},{""year"":2026,""month"":2,""search_volume"":10},{""year"":2026,""month"":1,""search_volume"":10},{""year"":2025,""month"":12,""search_volume"":0},{""year"":2025,""month"":11,""search_volume"":10},{""year"":2025,""month"":10,""search_volume"":10},{""year"":2025,""month"":9,""search_volume"":10},{""year"":2025,""month"":8,""search_volume"":10},{""year"":2025,""month"":7,""search_volume"":10},{""year"":2025,""month"":6,""search_volume"":20},{""year"":2025,""month"":5,""search_volume"":10},{""year"":2025,""month"":4,""search_volume"":20}]",
white label dashboard reporting software,white_label_reporting,,,,,,,,,,,,,,[],
white label dashboard reporting tool,white_label_reporting,,,,,,,,,,,,,,[],
white label reporting automation,white_label_reporting,,,,,,,,,,,,,,[],
white label reporting for clients,white_label_reporting,,,,,,,,,,,,,,[],
white label reporting for marketing agencies,white_label_reporting,,,,,,,,,,,,,,[],
white label reporting for agencies,white_label_reporting,,,,,,,,,,,,,,[],
white label reporting platform,white_label_reporting,,,,,,,,,,,,,,[],
white label reporting reports,white_label_reporting,,,,,,,,,,,,,,[],
white label reporting template,white_label_reporting,,,,,,,,,,,,,,[],
white label dashboard reports,white_label_reporting,,,,,,,,,,,,,,[],
white label reporting for digital agencies,white_label_reporting,,,,,,,,,,,,,,[],
white label reporting for small agencies,white_label_reporting,,,,,,,,,,,,,,[],
white label dashboard automation,white_label_reporting,,,,,,,,,,,,,,[],
white label dashboard for clients,white_label_reporting,,,,,,,,,,,,,,[],
white label dashboard for marketing agencies,white_label_reporting,,,,,,,,,,,,,,[],
white label dashboard tool,white_label_reporting,,,,,,,,,,,,,,[],
white label dashboard for agencies,white_label_reporting,,,,,,,,,,,,,,[],
white label dashboard template,white_label_reporting,,,,,,,,,,,,,,[],
white label dashboard for digital agencies,white_label_reporting,,,,,,,,,,,,,,[],
white label dashboard for small agencies,white_label_reporting,,,,,,,,,,,,,,[],
