cluster_id,cluster_name,keyword,search_volume,top_serp_domains
1,seo report template,seo report template,1000,whatagraph.com | dashthis.com | ahrefs.com | supermetrics.com | www.hubspot.com
1,seo report template,seo reporting software,590,thedigitalprojectmanager.com | www.reddit.com | seranking.com | www.seoptimer.com | blog.coupler.io
1,seo report template,ai report generator,590,venngage.com | manus.im | www.kuse.ai | www.aidocmaker.com | www.template.net
1,seo report template,agencyanalytics alternative,590,whatagraph.com | www.reddit.com | www.reportingninja.com | agencyanalytics.com | www.tapclicks.com
1,seo report template,best seo reporting software,480,thedigitalprojectmanager.com | www.reddit.com | www.marketermilk.com | seranking.com | www.thesearchengineshop.com
1,seo report template,ppc report template,320,dashthis.com | portermetrics.com | whatagraph.com | www.coupler.io | supermetrics.com
1,seo report template,marketing report template,260,www.canva.com | www.smartsheet.com | offers.hubspot.com | dashthis.com | www.indeed.com
1,seo report template,marketing dashboard software,260,dashthis.com | funnel.io | www.reddit.com | www.gartner.com | www.hootsuite.com
1,seo report template,supermetrics alternative,210,supermetrics.com | www.reddit.com | portermetrics.com | improvado.io | windsor.ai
1,seo report template,marketing reporting tool,210,improvado.io | dashthis.com | www.reddit.com | www.oviond.com | www.tapclicks.com
1,seo report template,marketing reporting software,210,improvado.io | dashthis.com | www.reddit.com | www.oviond.com | www.tapclicks.com
1,seo report template,google ads reporting tool,210,support.google.com | www.reddit.com | whatagraph.com | www.swydo.com | agencyanalytics.com
1,seo report template,facebook ads reporting tool,210,www.facebook.com | motionapp.com | www.reportingninja.com | www.reddit.com | twominutereports.com
1,seo report template,social media reporting software,170,www.hootsuite.com | buffer.com | www.socialstatus.io | www.reddit.com | www.socialinsider.io
1,seo report template,looker studio alternative,170,www.reddit.com | www.domo.com | www.augmentedtechlabs.com | databox.com | www.ninjacat.io
1,seo report template,google ads report template,170,portermetrics.com | support.google.com | whatagraph.com | windsor.ai | rows.com
1,seo report template,facebook ads report template,170,portermetrics.com | www.facebook.com | supermetrics.com | whatagraph.com | www.swydo.com
1,seo report template,client reporting tool,170,www.reddit.com | www.teamwork.com | www.adverity.com | www.clicdata.com | www.cometly.com
1,seo report template,marketing analytics dashboard,170,improvado.io | www.geckoboard.com | preset.io | www.reddit.com | www.hubspot.com
1,seo report template,ppc reporting software,140,ppc.io | www.reddit.com | www.reportingninja.com | www.optmyzr.com | adalysis.com
1,seo report template,automated client reporting,140,www.reddit.com | www.rollstack.com | www.domo.com | improvado.io | agencyanalytics.com
1,seo report template,seo reporting software for agencies,110,thedigitalprojectmanager.com | www.daxrm.com | www.reddit.com | whatagraph.com | searchatlas.com
1,seo report template,client reporting software,110,www.reddit.com | www.teamwork.com | www.domo.com | dashthis.com | agencyanalytics.com
1,seo report template,client report template,110,www.canva.com | www.projectmanager.com | word.cloud.microsoft | windsor.ai | dashthis.com
1,seo report template,monthly marketing report template,90,offers.hubspot.com | www.canva.com | www.smartsheet.com | www.adriel.com | dashthis.com
1,seo report template,databox alternative,90,datapad.io | databox.com | whatagraph.com | www.reddit.com | improvado.io
1,seo report template,client dashboard software,90,www.softr.io | databox.com | www.reddit.com | www.cometly.com | pro.houzz.com
1,seo report template,automated marketing reports,90,improvado.io | www.domo.com | dashthis.com | www.hellooperator.ai | www.redbird.io
1,seo report template,google data studio alternative,70,improvado.io | www.reddit.com | dashthis.com | www.domo.com | www.appvizer.com
1,seo report template,ga4 report template,70,windsor.ai | portermetrics.com | supermetrics.com | support.google.com | blog.coupler.io
1,seo report template,facebook ads reporting software,70,www.facebook.com | motionapp.com | www.reddit.com | www.reportingninja.com | madgicx.com
1,seo report template,agency reporting tool,70,www.reddit.com | agencyanalytics.com | blog.hubspot.com | www.oviond.com | thedigitalprojectmanager.com
1,seo report template,agency reporting software,70,www.reddit.com | www.oviond.com | thedigitalprojectmanager.com | agencyanalytics.com | dashthis.com
1,seo report template,marketing report automation,70,improvado.io | www.swydo.com | funnel.io | www.domo.com | www.reddit.com
1,seo report template,whatagraph alternative,50,whatagraph.com | blog.coupler.io | segmentstream.com | segmetrics.io | dashthis.com
1,seo report template,best seo report template,50,whatagraph.com | portermetrics.com | www.reddit.com | www.hubspot.com | supermetrics.com
1,seo report template,ecommerce reporting software,40,www.salesforce.com | supermetrics.com | www.triplewhale.com | www.sarasanalytics.com | databox.com
1,seo report template,digital marketing reporting software,40,improvado.io | www.oviond.com | dashthis.com | www.reddit.com | www.tapclicks.com
1,seo report template,dashthis alternative,40,whatagraph.com | funnel.io | databox.com | dashthis.com | improvado.io
1,seo report template,client reporting dashboard,40,www.reddit.com | dashthis.com | www.teamwork.com | www.cometly.com | www.tapclicks.com
1,seo report template,youtube analytics report template,30,whatagraph.com | portermetrics.com | www.coupler.io | www.youtube.com | dashthis.com
1,seo report template,white label dashboard software,30,thedigitalprojectmanager.com | dashthis.com | www.swydo.com | whatagraph.com | www.cyfe.com
1,seo report template,hubspot to google sheets,30,www.hubspot.com | knowledge.hubspot.com | knowledge.hubspot.com | ecosystem.hubspot.com | community.hubspot.com
1,seo report template,google my business reporting tool,30,marketingplatform.google.com | whatagraph.com | support.google.com | dashthis.com | www.reportingninja.com
1,seo report template,google ads reporting software,30,www.reddit.com | www.swydo.com | www.reportingninja.com | whatagraph.com | agencyanalytics.com
1,seo report template,ga4 dashboard template,30,www.coupler.io | windsor.ai | databox.com | 88studio.io | unito.io
1,seo report template,white label reporting software,20,dashthis.com | www.jaspersoft.com | www.swydo.com | www.zoho.com | thedigitalprojectmanager.com
1,seo report template,swydo alternative,20,www.swydo.com | segmetrics.io | dashthis.com | databox.com | www.clickintelligence.com
1,seo report template,meta ads report template,20,www.facebook.com | supermetrics.com | portermetrics.com | www.swydo.com | whatagraph.com
1,seo report template,mailchimp report template,20,mailchimp.com | blog.coupler.io | mailchimp.com | dashthis.com | supermetrics.com
1,seo report template,linkedin ads report template,20,whatagraph.com | blog.coupler.io | portermetrics.com | www.hockeystack.com | www.swydo.com
1,seo report template,google my business report template,20,portermetrics.com | supermetrics.com | www.catchr.io | www.powermyanalytics.com | whatagraph.com
1,seo report template,google ads dashboard template,20,www.coupler.io | databox.com | datastudio.google.com | dashthis.com | amplitude.com
1,seo report template,facebook ads to google sheets,20,www.facebook.com | twominutereports.com | www.reddit.com | workspace.google.com | syncwith.com
1,seo report template,connect hubspot to chatgpt,20,knowledge.hubspot.com | community.hubspot.com | pipelinedigital.co.uk | ecosystem.hubspot.com | www.eesel.ai
1,seo report template,best ai report generator,20,www.mlclever.com | powerdrill.ai | manus.im | www.reddit.com | piktochart.com
1,seo report template,ai reporting software,20,www.prezent.ai | whatagraph.com | www.radai.com | www.domo.com | dashthis.com
1,seo report template,ai marketing reporting,20,improvado.io | www.hellooperator.ai | www.reddit.com | whatagraph.com | supermetrics.com
1,seo report template,youtube analytics to google sheets,10,developers.google.com | www.reddit.com | mixedanalytics.com | awesome-table.com | www.dataslayer.ai
1,seo report template,woocommerce to looker studio,10,blog.coupler.io | www.reddit.com | windsor.ai | skyvia.com | www.databloo.com
1,seo report template,woocommerce dashboard template,10,woocommerce.com | www.databloo.com | www.coupler.io | windsor.ai | amplitude.com
1,seo report template,tapclicks alternative,10,improvado.io | www.tapclicks.com | www.whatconverts.com | www.ninjacat.io | dashthis.com
1,seo report template,shopify to looker studio,10,marketplace.looker.com | portermetrics.com | funnel.io | www.reddit.com | www.cdata.com
1,seo report template,shopify dashboard template,10,www.coupler.io | www.geckoboard.com | portermetrics.com | www.shopify.com | retool.com
1,seo report template,reportgarden alternative,10,whatagraph.com | www.whatconverts.com | improvado.io | www.swydo.com | www.reddit.com
1,seo report template,power my analytics alternative,10,portermetrics.com | windsor.ai | www.reddit.com | www.g2.com | fixmystore.com
1,seo report template,pinterest ads reporting tool,10,help.pinterest.com | dashthis.com | whatagraph.com | ads.pinterest.com | improvado.io
1,seo report template,pinterest ads reporting software,10,dashthis.com | whatagraph.com | developers.pinterest.com | agencyanalytics.com | improvado.io
1,seo report template,meta ads to looker studio,10,datastudio.google.com | www.reddit.com | windsor.ai | portermetrics.com | www.swydo.com
1,seo report template,meta ads to google sheets,10,www.facebook.com | www.reddit.com | workspace.google.com | docs.cloud.google.com | www.youtube.com
1,seo report template,meta ads reporting tool,10,www.facebook.com | www.reportingninja.com | www.reddit.com | motionapp.com | www.facebook.com
1,seo report template,meta ads dashboard template,10,portermetrics.com | www.coupler.io | windsor.ai | www.catchr.io | www.linkedin.com
1,seo report template,mailchimp to google sheets,10,mailchimp.com | www.reddit.com | www.youtube.com | zapier.com | www.coupler.io
1,seo report template,mailchimp reporting tool,10,mailchimp.com | mailchimp.com | mailchimp.com | mailchimp.com | www.zoho.com
1,seo report template,mailchimp dashboard template,10,www.coupler.io | portermetrics.com | mailchimp.com | amplitude.com | databox.com
1,seo report template,linkedin ads to google sheets,10,zapier.com | www.coupler.io | business.linkedin.com | www.owox.com | twominutereports.com
1,seo report template,linkedin ads reporting tool,10,business.linkedin.com | www.linkedin.com | www.reportingninja.com | dashthis.com | www.reddit.com
1,seo report template,linkedin ads dashboard template,10,www.coupler.io | portermetrics.com | windsor.ai | funnel.io | databox.com
1,seo report template,klaviyo to looker studio,10,community.klaviyo.com | blog.coupler.io | skyvia.com | www.reddit.com | funnel.io
1,seo report template,klaviyo to google sheets,10,www.titanmarketingagency.com | zapier.com | blog.coupler.io | community.klaviyo.com | skyvia.com
1,seo report template,instagram insights report template,10,whatagraph.com | portermetrics.com | www.reportingninja.com | www.reportdash.com | www.catchr.io
1,seo report template,hubspot to looker studio,10,ecosystem.hubspot.com | community.hubspot.com | portermetrics.com | www.geckoboard.com | blog.coupler.io
1,seo report template,google search console to looker studio,10,docs.cloud.google.com | www.reddit.com | www.reportdash.com | supermetrics.com | developers.google.com
1,seo report template,google search console to google sheets,10,workspace.google.com | blog.coupler.io | support.google.com | awesome-table.com | www.catchr.io
1,seo report template,google search console report template,10,portermetrics.com | www.coupler.io | datastudio.google.com | supermetrics.com | www.powermyanalytics.com
1,seo report template,google my business reporting software,10,marketingplatform.google.com | dashthis.com | whatagraph.com | datastudio.google.com | support.google.com
1,seo report template,google analytics 4 reporting tool,10,support.google.com | whatagraph.com | workspace.google.com | marketingplatform.google.com | help.fareharbor.com
1,seo report template,google analytics 4 report template,10,windsor.ai | portermetrics.com | support.google.com | dashthis.com | supermetrics.com
1,seo report template,google analytics 4 dashboard template,10,www.coupler.io | windsor.ai | databox.com | 88studio.io | dashthis.com
1,seo report template,google ads to looker studio,10,docs.cloud.google.com | www.reddit.com | datastudio.google.com | www.coupler.io | funnel.io
1,seo report template,ga4 to looker studio,10,docs.cloud.google.com | www.reddit.com | www.analyticsmania.com | www.carnegiehighered.com | supermetrics.com
1,seo report template,ga4 to google sheets,10,workspace.google.com | support.google.com | www.reddit.com | www.optimizesmart.com | ga4.com
1,seo report template,funnel.io alternative,10,www.reddit.com | improvado.io | whatagraph.com | www.ninjacat.io | segmentstream.com
1,seo report template,facebook ads to looker studio,10,datastudio.google.com | supermetrics.com | windsor.ai | skyvia.com | www.coupler.io
1,seo report template,facebook ads dashboard template,10,www.coupler.io | portermetrics.com | amplitude.com | windsor.ai | funnel.io
1,seo report template,coupler.io alternative,10,www.g2.com | portermetrics.com | www.producthunt.com | www.reddit.com | windsor.ai
1,seo report template,connect shopify to claude,10,community.shopify.com | www.reddit.com | windsor.ai | composio.dev | supermetrics.com
1,seo report template,connect meta ads to claude,10,www.jonloomer.com | www.facebook.com | www.reddit.com | adzviser.com | www.get-ryze.ai
1,seo report template,connect hubspot to claude,10,knowledge.hubspot.com | developers.hubspot.com | www.reddit.com | www.hubspot.com | www.fastslowmotion.com
1,seo report template,connect google search console to claude,10,www.reddit.com | windsor.ai | supermetrics.com | www.linkedin.com | nick-nolan.medium.com
1,seo report template,connect google ads to claude,10,www.reddit.com | help.trueclicks.com | windsor.ai | supermetrics.com | adzviser.com
1,seo report template,connect google ads to chatgpt,10,www.reddit.com | windsor.ai | ppc.io | chatgpt.com | blog.coupler.io
1,seo report template,connect ga4 to claude,10,windsor.ai | twooctobers.com | www.reddit.com | supermetrics.com | www.linkedin.com
1,seo report template,bing ads to google sheets,10,blog.coupler.io | windsor.ai | docs.owox.com | funnel.io | www.reddit.com
1,seo report template,bing ads reporting tool,10,learn.microsoft.com | learn.microsoft.com | whatagraph.com | www.reportingninja.com | www.reddit.com
1,seo report template,best supermetrics alternative,10,www.reddit.com | supermetrics.com | portermetrics.com | improvado.io | funnel.io
1,seo report template,best social media reporting software,10,buffer.com | www.hootsuite.com | www.reddit.com | www.sprinklr.com | www.socialinsider.io
1,seo report template,best marketing dashboard software,10,www.zite.com | www.reddit.com | www.gartner.com | funnel.io | dashthis.com
1,seo report template,agency report template,10,www.canva.com | www.smartsheet.com | portermetrics.com | databox.com | whatagraph.com
1,seo report template,agency dashboard software,0,agencydashboard.io | www.reddit.com | dashthis.com | improvado.io | www.cometly.com
1,seo report template,reporting ninja alternative,0,www.reportingninja.com | www.swydo.com | www.reddit.com | twominutereports.com | www.capterra.com
1,seo report template,2 minute reports alternative,0,www.softwareadvice.com | unito.io | portermetrics.com | twominutereports.com | slashdot.org
1,seo report template,two minute reports alternative,0,www.capterra.com | www.reddit.com | www.g2.com | www.softwareadvice.com | www.appvizer.com
1,seo report template,white label report template,0,portermetrics.com | whatagraph.com | blog.coupler.io | www.jaspersoft.com | dashthis.com
1,seo report template,ai client reporting,0,clientreports.ai | www.glean.com | improvado.io | www.prezent.ai | www.rollstack.com
1,seo report template,ai marketing report generator,0,venngage.com | piktochart.com | www.samcart.com | manus.im | www.kuse.ai
1,seo report template,chatgpt marketing reporting,0,chatgpt.com | improvado.io | www.aiforwork.co | dashthis.com | www.smartinsights.com
1,seo report template,claude marketing reporting,0,vibeproductmarketing.substack.com | www.reddit.com | offers.hubspot.com | newsletter.mkt1.co | www.youtube.com
1,seo report template,connect marketing data to claude,0,www.youtube.com | knowledge.hubspot.com | windsor.ai | www.youtube.com | www.coupler.io
2,social media report template,social media report template,720,www.hubspot.com | www.adobe.com | www.smartsheet.com | www.canva.com | get.later.com
2,social media report template,best social media report template,20,www.hubspot.com | www.adobe.com | www.hootsuite.com | www.smartsheet.com | www.canva.com
3,marketing kpi dashboard,marketing kpi dashboard,210,blog.hubspot.com | www.thoughtspot.com | www.qlik.com | www.geckoboard.com | www.nielsen.com
4,woocommerce to google sheets,woocommerce to google sheets,20,woocommerce.com | wordpress.org | woocommerce.com | www.gsheetconnector.com | woocommerce.com
5,shopify to google sheets,shopify to google sheets,20,apps.shopify.com | www.reddit.com | www.coupler.io | www.dataslayer.ai | apps.shopify.com
6,shopify reporting tool,shopify reporting tool,20,www.shopify.com | www.shopify.com | www.shopify.com | apps.shopify.com | www.sarasanalytics.com
7,hubspot reporting tool,hubspot reporting tool,20,www.hubspot.com | knowledge.hubspot.com | knowledge.hubspot.com | www.hubspot.com | supermetrics.com
7,hubspot reporting tool,hubspot reporting software,10,www.hubspot.com | www.hubspot.com | ecosystem.hubspot.com | supermetrics.com | knowledge.hubspot.com
8,woocommerce reporting tool,woocommerce reporting tool,10,woocommerce.com | woocommerce.com | www.wpbeginner.com | woocommerce.com | www.arpriceplugin.com
9,hubspot report template,hubspot report template,10,www.hubspot.com | knowledge.hubspot.com | offers.hubspot.com | www.hubspot.com | portermetrics.com
10,google ads to google sheets,google ads to google sheets,10,workspace.google.com | www.dataslayer.ai | www.reddit.com | funnel.io | groups.google.com
11,connect shopify to chatgpt,connect shopify to chatgpt,10,help.shopify.com | www.gotolstoy.com | www.digitalcommerce360.com | www.reddit.com | www.shopify.com
12,amazon ads reporting tool,amazon ads reporting tool,10,advertising.amazon.com | advertising.amazon.com | advertising.amazon.com | www.reportingninja.com | advertising.amazon.com
12,amazon ads reporting tool,amazon ads reporting software,10,advertising.amazon.com | agencyanalytics.com | advertising.amazon.com | www.reportingninja.com | advertising.amazon.com
13,mcp marketing reporting,mcp marketing reporting,0,www.vector.co | improvado.io | www.reddit.com | www.markifact.com | trailhead.salesforce.com
14,connect marketing data to chatgpt,connect marketing data to chatgpt,0,portermetrics.com | www.reddit.com | www.dataslayer.ai | supermetrics.com | chatgpt.com
